datetime,count
05-06-2012 5:00,87.14299849752834
19-03-2011 19:00,281.1366537132456
02-04-2012 6:00,140.10037029116165
13-07-2012 20:00,361.1828722832093
09-11-2011 19:00,249.26877557873576
10-03-2012 0:00,0.0
19-05-2011 13:00,213.1207238182132
01-05-2011 8:00,171.05461331306176
07-07-2012 8:00,278.0871114316742
07-05-2011 16:00,457.2765153688089
09-04-2011 11:00,189.00258133440127
16-06-2011 04:00,115.01292500718662
13-07-2012 22:00,338.9332356517818
02-03-2012 14:00,242.43559734382134
18-05-2012 15:00,367.72467809176055
14-12-2011 22:00,197.0239431186164
17-02-2012 19:00,216.70800900037221
15-04-2012 18:00,369.350580149684
06-10-2012 23:00,98.21159492807027
17-07-2012 00:00,0.0
13-09-2012 11:00,338.9517090425925
13-01-2012 07:00,149.45601243584798
11-08-2012 8:00,254.63140956223046
17-09-2011 08:00,190.39501700737048
04-11-2011 11:00,208.13991529218146
01-10-2011 11:00,141.30193887694696
03-03-2011 12:00,119.56245721573964
05-12-2012 19:00,261.28463785890085
18-06-2012 23:00,149.4886472700324
19-09-2012 18:00,369.02588481925693
08-11-2011 19:00,292.56103493292636
18-02-2011 13:00,322.4313746331624
07-11-2011 10:00,202.92160629089034
10-08-2011 14:00,447.28579031763627
02-05-2012 0:00,0.0
14-01-2011 14:00,165.9193712712759
17-07-2011 01:00,11.409842477486222
14-07-2011 15:00,389.5223924904182
04-03-2011 3:00,12.490555647813267
18-12-2012 15:00,328.19850907778874
14-12-2012 10:00,192.7236682426884
14-05-2011 03:00,62.76554967854912
19-03-2012 23:00,166.06482270678384
08-01-2011 5:00,74.60401665198208
13-08-2011 06:00,184.21706777699808
04-08-2011 2:00,0.0
03-02-2012 5:00,94.97645146705716
16-12-2012 21:00,60.6134180275626
04-01-2011 9:00,126.4530571814181
06-04-2011 1:00,0.0
09-03-2012 11:00,154.0083984489109
12-10-2012 20:00,314.3023775991283
14-06-2011 20:00,333.0234274057178
06-12-2012 2:00,68.91692426226317
03-12-2012 2:00,58.18220746871509
10-07-2011 17:00,538.9447666176088
09-01-2012 22:00,0.0
10-01-2012 17:00,284.0814448905623
07-08-2012 4:00,97.98351861507717
17-01-2011 04:00,57.3093081197413
03-05-2011 15:00,281.3327178256898
08-04-2012 7:00,231.79935334838228
04-07-2011 5:00,117.5496377956041
13-01-2011 14:00,158.4769829807086
18-08-2012 23:00,255.06029184038158
11-12-2012 0:00,0.0
11-03-2012 9:00,184.77819519861637
18-03-2012 08:00,144.80463529505957
06-12-2011 3:00,77.15487018636136
05-11-2011 14:00,339.1038076449602
10-10-2012 11:00,324.70594225698926
02-11-2011 20:00,195.63214647242438
18-07-2011 21:00,298.66466450966124
09-03-2011 15:00,212.5786370426702
10-12-2012 17:00,249.10385248453065
02-01-2011 20:00,149.38060724531078
01-10-2012 10:00,263.1036400511399
17-07-2012 14:00,370.39646603605655
07-03-2012 15:00,356.47166640483323
09-02-2011 22:00,0.0
16-01-2011 01:00,0.0
19-02-2012 12:00,161.55510461690412
09-02-2011 2:00,0.0
06-09-2011 9:00,194.79609558733972
11-06-2011 8:00,398.00470037256224
08-02-2011 2:00,0.0
15-08-2012 14:00,343.34327936498295
17-05-2011 12:00,169.09694244673153
03-04-2012 18:00,345.4884433101589
14-05-2011 07:00,117.80160831753471
06-01-2011 8:00,52.59136820105442
04-05-2011 22:00,162.58180626279443
14-08-2011 18:00,340.5256446837254
01-12-2012 18:00,150.5520393551098
11-01-2011 17:00,63.131542548729215
10-02-2011 17:00,19.976012464041162
08-02-2011 23:00,0.0
13-03-2011 04:00,84.10361065111238
18-06-2012 15:00,290.49091635843865
16-04-2012 18:00,465.33847297452365
05-09-2011 10:00,300.11267659020126
17-09-2012 05:00,140.5535162432771
05-12-2011 19:00,237.7883876167142
10-01-2011 1:00,0.0
08-05-2012 8:00,223.68255098479457
08-07-2011 16:00,217.5683108104581
06-09-2012 7:00,158.58685677560686
06-11-2012 17:00,266.7137371133011
05-03-2012 20:00,136.58348057809042
01-10-2011 13:00,102.71116245136568
17-04-2011 14:00,318.36952158388715
18-08-2012 11:00,370.9719380633165
03-09-2012 22:00,107.05502352839073
13-03-2011 08:00,198.5126701436896
12-05-2011 8:00,253.64839563068435
10-10-2011 11:00,301.36475646057573
11-04-2012 10:00,170.98340215741126
15-05-2011 09:00,172.47459928461308
06-10-2011 17:00,336.97934461389036
12-06-2011 7:00,322.31078724833475
15-04-2011 20:00,71.30184862931941
05-04-2012 14:00,291.64053556286206
13-04-2012 14:00,325.51722785013226
10-05-2012 8:00,261.6062792862914
02-02-2011 15:00,228.16563755895484
09-03-2011 9:00,138.19391131533143
19-05-2012 20:00,394.5730855507527
11-07-2012 18:00,457.65313968435396
18-04-2012 02:00,30.1726943166924
19-09-2012 13:00,366.11266210515845
04-11-2012 20:00,129.4549164448543
15-12-2012 11:00,250.49164216016834
08-04-2012 3:00,137.97208736628596
11-09-2011 0:00,0.0
16-12-2012 11:00,166.84045430315757
03-03-2012 15:00,326.9744459745959
03-11-2011 12:00,294.2197582395043
15-01-2012 01:00,0.0
07-10-2011 1:00,31.1400493931975
07-11-2011 0:00,10.262353288550628
04-03-2011 18:00,182.907411072444
14-03-2012 12:00,289.40982395286386
11-05-2012 4:00,87.16605950941516
16-12-2012 07:00,121.45964106095923
01-03-2011 11:00,169.52086608325817
12-01-2012 5:00,0.0
13-08-2011 21:00,208.26571442711418
19-11-2012 01:00,0.0
09-09-2012 12:00,389.8927278974063
06-09-2011 16:00,155.54715844299966
17-08-2012 14:00,451.7022391072021
16-08-2011 07:00,205.91722572273233
01-04-2011 6:00,139.58886297854264
03-06-2012 17:00,370.3744001866719
09-01-2012 17:00,0.0
18-10-2012 04:00,101.7762059149799
02-06-2012 21:00,307.6818584036986
02-12-2011 17:00,345.1884505339784
02-08-2012 14:00,258.0673272397987
03-12-2011 5:00,85.65709953596115
12-10-2012 19:00,334.5734227055716
02-05-2012 17:00,244.2985263446467
07-11-2012 14:00,266.33795863004855
05-04-2012 3:00,80.12029913514817
03-06-2012 12:00,326.2749267852096
01-04-2011 3:00,87.81933680682755
04-01-2011 5:00,32.473490217721775
06-04-2012 3:00,53.15970643363775
09-07-2012 18:00,396.9262876882569
17-08-2012 22:00,209.7612643722321
17-11-2012 14:00,361.53821891702444
19-03-2012 21:00,273.5267426842574
05-01-2012 15:00,220.0784477959072
17-02-2011 03:00,64.68440426171776
13-04-2011 04:00,35.726118294862886
18-11-2011 04:00,79.35555445921406
12-09-2011 6:00,184.3190020612089
13-12-2011 08:00,158.80046266739203
06-01-2011 21:00,40.350634331761
11-11-2011 18:00,224.68557277529027
08-03-2012 16:00,410.3037120545275
05-09-2012 18:00,266.42733421010644
09-03-2011 9:00,125.90563443888726
02-06-2011 9:00,255.88596585196578
19-03-2012 14:00,288.7774369580075
10-11-2012 2:00,36.80156415695359
18-12-2012 21:00,253.78121286531805
02-05-2011 4:00,114.74540709182989
08-05-2011 4:00,103.70997580288105
17-08-2012 01:00,74.70716789305897
14-11-2011 23:00,285.2297398741803
15-11-2011 05:00,167.02946060174065
09-01-2012 23:00,0.0
10-11-2012 5:00,83.51891005658746
03-12-2011 14:00,269.25550290800743
08-03-2011 14:00,139.52750339939612
08-09-2012 15:00,238.3102622574118
13-08-2012 09:00,263.37722598827634
04-05-2011 6:00,99.93998674544198
17-03-2011 21:00,197.32538013223018
01-04-2012 2:00,48.942727274546996
15-03-2012 17:00,361.2089660966701
05-05-2012 10:00,270.90337643046877
11-10-2012 14:00,385.4080370364999
14-06-2012 05:00,152.3268756707254
01-08-2011 5:00,56.470738487779556
03-08-2011 3:00,37.899100103070566
09-06-2011 6:00,193.79289392786654
08-08-2011 17:00,388.54258300607614
16-04-2011 22:00,0.0
13-01-2011 05:00,64.19747541188542
07-04-2012 20:00,398.56941341383873
06-08-2012 1:00,0.0
08-07-2012 0:00,0.43137346578771485
04-11-2011 12:00,227.93700346077293
08-04-2011 13:00,179.15085945147763
13-02-2011 17:00,275.3232523695051
01-08-2011 7:00,135.31016431995897
10-06-2011 1:00,0.0
11-03-2011 9:00,138.06217097565056
12-06-2012 18:00,412.07314120986115
15-05-2011 15:00,287.6814402052019
01-10-2011 12:00,141.78760968525302
08-01-2011 23:00,0.0
12-06-2012 0:00,2.0419950288928135
07-04-2012 16:00,440.05813407727476
01-05-2012 8:00,144.95440789969294
14-09-2012 08:00,218.2039229217903
01-05-2011 17:00,143.98442613473824
04-11-2012 23:00,121.14851197436471
13-01-2012 09:00,151.20477096551187
06-01-2012 21:00,216.1389472840037
15-07-2011 21:00,326.6569225782233
13-05-2011 03:00,75.8741648712145
11-12-2012 23:00,180.37525287700282
09-06-2012 16:00,561.3458542757435
16-02-2012 22:00,73.02806352313098
10-12-2011 16:00,298.2986872021535
10-07-2012 16:00,451.63804662333246
02-10-2011 3:00,38.497607702142346
04-08-2011 3:00,6.317369971479877
11-07-2011 15:00,490.2697870283571
12-04-2012 20:00,303.639568013051
05-01-2012 3:00,0.0
10-02-2011 20:00,0.0
13-06-2012 13:00,319.0648516001457
03-12-2011 6:00,114.45831703706813
19-11-2011 07:00,127.51533534281523
07-03-2011 6:00,112.91831741611907
17-04-2012 08:00,232.51356795755194
13-10-2012 17:00,374.3122063660809
11-05-2012 4:00,95.62100956185162
12-02-2011 7:00,28.453882378416722
09-04-2012 5:00,98.54508611113883
10-12-2011 9:00,201.1604713244459
06-12-2011 21:00,70.98350936181188
18-12-2012 00:00,0.0
05-06-2011 5:00,205.4758243420043
17-09-2011 11:00,281.2931508909832
12-12-2012 5:00,127.11510514555664
10-12-2011 20:00,231.9303835560347
13-04-2012 10:00,253.31773097391851
19-10-2011 02:00,42.682792527503295
19-02-2011 00:00,0.0
07-03-2012 4:00,62.02131702413922
14-10-2011 16:00,414.3370375934725
17-01-2012 21:00,165.66543622683724
13-08-2012 02:00,44.26985612430806
19-02-2011 06:00,150.6436459254253
03-08-2011 6:00,48.94370614179488
15-04-2012 08:00,227.27177508933653
08-02-2011 3:00,0.9912049977353945
16-01-2011 10:00,117.51811949225433
12-12-2012 21:00,195.51540771831128
02-08-2012 9:00,160.68907256883074
17-12-2012 05:00,129.37275046056993
01-09-2011 2:00,25.649697280589123
19-04-2012 00:00,0.0
19-02-2011 18:00,215.26827933137903
05-04-2011 16:00,258.3799580597152
08-06-2011 18:00,498.64463990756894
18-10-2011 18:00,314.3054363503523
19-02-2012 23:00,0.0
09-01-2011 10:00,109.85400044015009
16-02-2011 01:00,0.0
13-12-2012 00:00,0.0
01-06-2012 16:00,201.3013688628176
18-03-2011 07:00,179.70052248726077
16-12-2012 04:00,70.37759067421041
05-05-2012 0:00,0.0
16-08-2012 19:00,402.81602584631884
06-08-2011 16:00,288.7210754121327
02-04-2012 6:00,141.5345747180325
13-01-2012 19:00,148.19336697229664
08-05-2011 19:00,308.5360477877665
08-08-2011 15:00,380.2440509597732
04-11-2011 4:00,149.19650249206907
01-08-2012 22:00,144.49038174490272
16-02-2012 06:00,128.1385940756902
16-01-2012 04:00,16.601455906429237
01-07-2012 3:00,0.0
18-06-2011 23:00,313.0216164682905
13-10-2011 06:00,107.44037125004064
02-01-2011 0:00,0.0
05-08-2011 0:00,0.0
03-10-2012 15:00,262.66429808149377
18-09-2012 09:00,179.22459453637904
09-10-2012 19:00,279.0392174828808
04-10-2012 9:00,146.5492142458123
10-08-2011 16:00,491.1377889648621
07-05-2012 5:00,143.0802901582746
04-02-2012 5:00,81.33065781258887
08-04-2012 4:00,146.81855902384058
02-07-2012 13:00,237.43684094211932
06-12-2011 16:00,118.21321458787065
03-10-2011 20:00,188.52351689829277
01-03-2012 22:00,145.90101809910212
10-05-2012 10:00,321.6928566950656
02-09-2011 20:00,188.10331663833415
01-09-2011 11:00,242.57149448189244
05-02-2012 6:00,132.1690730095067
07-06-2011 21:00,319.26999544096446
05-11-2011 22:00,93.05074683073056
07-04-2011 14:00,307.37603754869923
17-05-2012 02:00,51.68063708611669
07-02-2012 14:00,270.2863049144514
09-02-2012 0:00,0.0
12-02-2011 9:00,94.23872666565688
02-06-2011 23:00,273.62361480896953
09-11-2011 14:00,354.9199913428096
12-09-2012 10:00,340.2425257126562
12-03-2012 6:00,86.9506533795502
10-05-2012 3:00,116.43251044235421
19-01-2012 00:00,0.0
10-06-2012 22:00,404.498916503543
04-11-2011 20:00,246.79608843541757
04-01-2012 13:00,68.11510773513021
02-09-2011 5:00,109.73087279106511
19-02-2011 16:00,251.28026323010812
03-05-2012 18:00,270.5377188575128
15-12-2012 23:00,166.70800205339285
01-05-2012 10:00,185.31038318888267
05-06-2012 20:00,301.01978786616723
01-01-2011 12:00,149.90658874314943
14-06-2012 02:00,50.020922611141714
01-07-2012 23:00,191.99042470410603
11-06-2012 22:00,385.0215380496766
16-05-2012 18:00,352.0872095247054
13-03-2011 00:00,0.0
12-06-2012 0:00,0.0
09-03-2012 14:00,284.2704146747441
07-10-2011 0:00,0.0
05-10-2011 21:00,171.04839475601943
11-02-2011 5:00,0.0
13-10-2012 00:00,13.592133543159207
07-11-2012 18:00,238.10384075987452
02-01-2012 19:00,34.65122247009711
03-12-2012 7:00,218.1305408203296
05-08-2012 17:00,358.9131744351565
14-03-2012 20:00,333.58373703998507
06-12-2011 1:00,0.0
05-11-2011 16:00,291.90078069147376
09-07-2012 11:00,310.4375244074151
03-03-2011 18:00,139.2418028503488
08-05-2011 14:00,415.1927013043164
04-09-2011 13:00,265.3413076921229
05-06-2012 17:00,342.9126387728933
07-11-2011 18:00,295.034415679138
02-03-2012 0:00,0.0
02-10-2011 20:00,61.85850065964195
13-03-2012 07:00,165.92974231214458
12-06-2011 18:00,502.71850542600816
13-04-2012 17:00,343.78700272547394
14-07-2011 02:00,62.322721492562124
11-12-2011 11:00,270.00708479679554
04-04-2011 12:00,290.0374576409702
16-03-2012 07:00,152.8276294899703
16-05-2012 17:00,352.5415708074814
05-04-2012 11:00,235.9462166669722
11-11-2012 0:00,0.0
02-09-2011 3:00,46.20753571340117
02-05-2012 13:00,229.4919769458313
08-06-2012 16:00,405.89981707127276
11-11-2012 2:00,0.0
15-02-2012 12:00,216.13219371357062
14-04-2012 04:00,82.66032766869381
13-09-2011 23:00,243.24432366862237
01-03-2011 12:00,177.78289849724408
17-05-2011 03:00,8.893747323364494
19-09-2011 10:00,255.66628536378897
15-05-2011 02:00,0.0
02-11-2012 14:00,249.02548607788265
06-03-2012 20:00,162.82008309261113
08-08-2012 14:00,355.62311183414255
06-03-2012 17:00,228.17312576594114
11-01-2011 9:00,0.0
01-11-2011 8:00,201.81176118247424
19-11-2012 03:00,64.13200820493162
14-03-2012 06:00,167.4809910991911
02-02-2012 20:00,180.30793883313993
03-11-2011 0:00,40.95960646769868
09-03-2011 4:00,32.81893988264096
09-04-2011 3:00,0.0
14-08-2012 06:00,115.3620755503647
15-11-2012 00:00,0.0
13-12-2012 01:00,0.0
03-09-2012 2:00,0.0
01-11-2011 2:00,119.51471966404341
01-04-2011 5:00,124.73607197119443
01-01-2012 21:00,111.64166668071826
16-05-2012 15:00,334.1839891827867
15-07-2011 05:00,158.67808386868987
02-12-2011 5:00,197.28194463495532
02-02-2012 12:00,216.54787170123214
11-08-2011 4:00,162.53388973686208
11-10-2012 19:00,319.62469214703736
06-06-2011 2:00,32.54737165984068
13-11-2011 01:00,33.53935256961387
08-06-2011 12:00,395.2745089720531
03-07-2012 11:00,235.3783268997783
17-01-2011 15:00,139.06233618887535
16-04-2011 10:00,66.1601936726089
15-04-2011 09:00,213.07025464812264
07-05-2011 9:00,316.91923463914054
10-12-2012 2:00,47.00110319743851
09-09-2011 22:00,165.75047112857487
01-06-2012 9:00,162.98281121365608
18-05-2012 11:00,316.9522114422175
05-12-2011 18:00,235.23134699979408
09-04-2011 19:00,167.20257809556384
05-08-2011 12:00,291.06326509514537
14-08-2012 13:00,350.53095676583956
15-06-2011 22:00,319.283093388987
08-07-2011 4:00,125.15906294614575
15-10-2012 05:00,140.65293393228418
14-01-2012 06:00,80.93384392559256
08-02-2012 23:00,0.0
13-07-2012 15:00,377.8003158422596
17-10-2012 07:00,183.43579976266113
02-07-2012 3:00,0.0
17-11-2012 08:00,147.45198863386275
18-11-2011 08:00,165.70494071704422
14-10-2012 02:00,33.3806480179974
14-01-2011 07:00,104.29968838311851
15-12-2012 10:00,227.0584066476073
18-12-2011 01:00,0.0
16-02-2011 05:00,66.68060191879664
04-08-2011 8:00,138.59507721732547
19-07-2011 19:00,302.4278205342689
08-11-2012 0:00,0.0
13-10-2012 18:00,342.72071447021074
04-05-2012 0:00,0.0
16-06-2011 17:00,276.65499482618947
11-10-2011 17:00,310.9884570442085
12-10-2012 3:00,91.99500948419262
19-11-2011 17:00,336.85149894444356
07-02-2011 5:00,36.39747577113803
05-05-2012 15:00,277.99324278091103
19-05-2012 07:00,184.55811531076208
11-04-2012 6:00,86.85047999779727
09-03-2012 17:00,316.8481442490725
09-11-2012 21:00,185.081664280204
05-06-2011 17:00,352.20545400988397
15-03-2012 18:00,346.7924993335891
07-07-2012 4:00,99.6810762992709
03-05-2012 8:00,161.78572901380238
11-09-2012 22:00,301.05237502012477
03-01-2011 16:00,149.72092404014097
12-03-2012 2:00,0.0
14-05-2011 23:00,0.0
11-05-2011 13:00,365.9546154697554
08-10-2011 13:00,388.0307028605413
13-09-2011 19:00,339.0758613806023
11-05-2011 18:00,457.5537159770973
12-11-2011 11:00,281.5409785784955
17-02-2012 07:00,137.08292425443244
12-08-2012 10:00,432.10400529464647
19-09-2011 00:00,0.0
16-12-2011 23:00,141.56913401941634
09-08-2012 18:00,415.17354837624026
17-08-2011 19:00,371.4695567510678
02-11-2011 4:00,154.5344238975977
01-11-2011 7:00,191.13793414229272
13-08-2011 06:00,183.4760726495707
02-12-2012 13:00,88.31423751530878
01-10-2011 0:00,0.0
09-09-2012 23:00,292.94826517494994
02-04-2011 20:00,118.29109701605572
19-06-2011 07:00,195.53777537904094
16-07-2011 15:00,396.97346671311914
15-10-2012 03:00,80.90717915858892
16-08-2011 17:00,386.4347130592148
18-11-2011 22:00,155.5553654373951
15-08-2012 19:00,346.03741879895466
05-01-2012 9:00,109.7858935010263
06-06-2011 9:00,246.8843741312231
07-07-2011 15:00,383.28720437916354
16-07-2011 07:00,186.05523983181186
04-11-2012 0:00,1.3020181880770565
02-08-2012 6:00,79.084162586189
01-01-2012 8:00,51.060180375930315
09-11-2012 5:00,158.0155659289153
04-09-2011 1:00,0.0
17-01-2012 02:00,0.0
18-11-2012 02:00,0.0
03-05-2011 12:00,251.3086530406489
02-03-2012 18:00,112.86839568113206
11-09-2012 3:00,111.28474174223393
06-06-2011 19:00,341.2349201272463
06-08-2012 6:00,142.6773762335667
04-04-2012 11:00,275.676701784202
19-03-2011 00:00,26.497971589148733
01-04-2012 3:00,68.36484999375799
19-04-2011 01:00,7.52648665644125
16-02-2011 15:00,255.8100863305847
16-07-2012 22:00,299.82176863738835
14-02-2012 04:00,75.95611479555407
13-12-2012 03:00,46.86543475566475
19-09-2011 22:00,246.36262128107194
05-12-2011 7:00,185.91523352037336
04-02-2012 18:00,163.64896327354037
09-02-2011 23:00,0.0
06-06-2011 6:00,140.29274320176978
12-04-2012 22:00,264.92593508215623
17-07-2011 19:00,352.7359184200444
13-03-2012 16:00,353.06924957394847
16-06-2012 18:00,453.4580405890398
16-04-2011 13:00,52.6347648940168
16-11-2012 21:00,236.99251624308687
14-12-2012 03:00,47.11559484659563
09-06-2012 13:00,518.430002154503
06-06-2011 15:00,352.99520579332795
02-04-2012 21:00,243.0088433657171
14-01-2011 20:00,73.78462828676288
15-01-2012 03:00,0.0
03-09-2012 8:00,159.6811078368279
04-08-2011 9:00,187.41219867753472
10-07-2012 0:00,0.0
12-08-2011 10:00,351.35859063448254
02-02-2011 15:00,223.79327784465835
08-04-2012 6:00,182.92212535981022
02-05-2011 23:00,107.91462036760032
15-06-2012 01:00,27.0649471002734
15-09-2011 03:00,120.23498485160172
08-12-2012 2:00,0.0
06-11-2011 14:00,257.38258919207607
11-10-2012 23:00,227.8920071530278
12-06-2012 17:00,358.04368724882704
01-03-2011 20:00,130.93712891141442
11-02-2012 9:00,82.88787251364755
03-12-2011 15:00,269.8196262564347
11-10-2012 9:00,273.85885640338665
01-03-2011 10:00,156.68613000957532
06-10-2011 11:00,318.08760875127575
16-04-2012 10:00,279.8579255611535
11-06-2012 15:00,481.7541561758018
05-03-2012 11:00,140.2394133688918
08-07-2012 5:00,191.17335627498872
13-05-2011 00:00,0.0
13-08-2011 01:00,93.76753978577855
09-06-2011 7:00,223.22947266522232
07-11-2011 20:00,228.94941738290083
19-03-2011 09:00,207.6095702689164
14-11-2011 13:00,373.69041870001183
11-12-2011 8:00,106.14827659829388
18-11-2012 20:00,167.98035642328108
13-02-2012 11:00,139.04975122465066
18-04-2012 18:00,211.91754767888563
08-08-2011 6:00,167.75294478424462
03-07-2011 10:00,168.252984822179
18-08-2012 06:00,141.01071567955873
13-03-2012 02:00,0.0
07-08-2012 18:00,326.4918295017181
07-02-2011 22:00,67.52131642593429
05-06-2012 22:00,254.32753746763484
12-06-2011 11:00,520.5961636342437
13-01-2012 11:00,139.40724338797293
08-07-2012 22:00,319.177979606057
17-09-2011 23:00,103.76576235577525
05-02-2012 4:00,74.94997032649414
01-05-2011 19:00,116.94456802121942
06-10-2012 14:00,268.793296937376
04-09-2012 16:00,235.9439183857514
07-11-2012 1:00,51.8471030150387
16-04-2011 14:00,96.13147842328107
17-07-2012 17:00,397.5917097505988
16-10-2012 21:00,270.11962052455556
09-05-2011 15:00,393.17108708074795
05-09-2011 9:00,275.40567545511647
06-10-2012 12:00,278.02137755408916
14-05-2012 07:00,126.63115583122158
07-08-2012 12:00,307.55136784748186
08-06-2012 23:00,319.947212920985
07-09-2011 21:00,145.19025970627035
09-06-2012 13:00,536.5935192586019
15-06-2012 23:00,298.4439739387019
18-08-2012 19:00,416.9957055234007
15-12-2012 08:00,151.66730385270034
04-01-2012 14:00,69.27690858759323
01-04-2012 7:00,167.43617156875717
05-12-2011 8:00,190.82776322897388
12-01-2011 8:00,15.9622948096644
04-02-2012 19:00,110.06709282995169
12-03-2011 2:00,21.07334829786197
02-09-2011 5:00,112.0132207485463
06-12-2011 22:00,24.015795022821294
08-08-2011 21:00,335.10133370574295
09-02-2011 20:00,0.0
05-09-2012 3:00,29.691235679310466
15-11-2012 22:00,156.03759404235137
09-05-2012 4:00,74.68159967748812
01-03-2011 6:00,98.05435441223113
08-02-2011 10:00,136.109689299573
09-02-2011 0:00,0.0
07-05-2011 10:00,341.07496317953564
01-11-2012 8:00,290.086980319599
19-03-2011 09:00,202.9568193858644
06-02-2011 15:00,252.7941231681214
16-02-2011 07:00,106.64204593836402
06-10-2011 9:00,252.44827240003644
14-08-2012 21:00,333.4355895326399
16-02-2011 12:00,202.764291361889
07-05-2011 6:00,171.95033368445414
05-08-2012 15:00,358.7122912025061
18-07-2012 12:00,378.55540529043446
15-04-2012 23:00,257.46369877453003
09-08-2011 17:00,409.639351531737
09-06-2012 15:00,579.0224079834258
11-04-2012 18:00,164.9270650642768
09-09-2012 3:00,99.61589406143352
10-09-2012 12:00,377.58559923673
15-09-2012 00:00,0.0
15-11-2011 01:00,29.930766017520398
18-02-2011 11:00,240.0856001391366
04-07-2011 2:00,0.0
02-07-2011 2:00,36.86821343155361
16-06-2011 01:00,17.725908541408273
02-11-2011 2:00,109.63834083131633
03-12-2012 5:00,136.53179737650538
12-12-2011 0:00,0.0
04-08-2012 4:00,4.000917784666342
02-07-2012 2:00,0.0
06-05-2012 23:00,167.54875560034728
03-05-2012 10:00,223.86115440469052
05-03-2012 6:00,45.551347584637114
17-01-2011 20:00,0.0
19-05-2011 15:00,273.552648614944
01-05-2011 13:00,249.07473849841352
05-03-2011 0:00,0.0
18-01-2012 18:00,134.2714005712498
09-03-2011 20:00,113.76224488810948
07-02-2012 18:00,253.54237196306886
15-08-2012 01:00,9.791582653397995
17-06-2012 13:00,366.51065523703176
09-04-2012 16:00,383.29892733387317
15-09-2012 05:00,172.9712427562467
10-05-2011 14:00,336.12821819285296
13-06-2012 08:00,192.89673049442064
17-01-2012 15:00,215.48429652014403
07-06-2011 13:00,350.4160021457627
16-04-2011 04:00,48.296693278718436
11-09-2012 15:00,432.91049628298026
02-04-2012 20:00,254.60101364178004
09-07-2011 17:00,496.22855768980844
19-07-2011 09:00,240.97633606952968
13-06-2012 02:00,46.9499334980747
04-10-2011 8:00,192.8090946658446
09-05-2011 13:00,380.4037429241703
14-11-2012 13:00,297.5905070703586
04-09-2011 3:00,0.0
19-08-2012 08:00,246.23799073137766
10-03-2012 12:00,273.0142274751109
07-10-2011 6:00,157.41435911192912
19-12-2011 10:00,189.3329317395591
14-06-2011 21:00,326.16532072129877
12-01-2012 12:00,164.5145383998531
06-04-2011 22:00,252.89231777978884
19-05-2012 00:00,30.075822655248146
03-07-2012 3:00,17.623782699958156
14-03-2011 19:00,200.72401182777298
13-07-2012 13:00,352.8849968633443
14-03-2011 14:00,211.80321933387157
15-02-2012 09:00,179.3523115927188
02-11-2012 13:00,277.55630433293527
08-02-2012 22:00,18.505473544021186
01-05-2011 18:00,148.29366032080844
19-12-2011 20:00,298.51789464087096
14-03-2011 09:00,166.8799789209129
18-12-2011 03:00,0.0
18-05-2012 00:00,0.0
01-07-2011 16:00,323.68064386728406
06-03-2012 6:00,31.39478288484105
17-12-2012 22:00,151.74029344828585
17-03-2012 21:00,212.19002503719676
10-10-2011 19:00,280.78544945272404
15-09-2012 04:00,148.26693044103394
08-02-2012 3:00,0.0
06-01-2012 15:00,316.43521936364755
19-04-2012 08:00,180.01567887903184
12-07-2012 4:00,160.90731164475747
19-04-2012 00:00,0.0
02-04-2012 16:00,292.82612207988257
16-02-2012 17:00,112.95077920635748
19-08-2012 15:00,341.42519401337404
02-05-2012 23:00,100.36371692359307
07-03-2012 14:00,308.71010030576804
17-02-2011 18:00,264.0629705252141
01-05-2011 16:00,205.1559181867616
11-02-2012 5:00,31.17689204666803
13-07-2012 06:00,194.5189095217171
09-02-2011 14:00,100.82252217567338
19-08-2012 02:00,88.37943790717077
14-08-2012 07:00,175.69982250556308
15-01-2011 00:00,0.0
02-07-2011 0:00,0.0
04-04-2011 2:00,39.58485530573441
18-01-2012 08:00,137.26591990238683
15-11-2012 23:00,144.1460438625981
13-07-2012 23:00,318.6062979754717
17-07-2012 08:00,229.36662730745203
08-10-2012 21:00,115.2735844166939
19-05-2012 02:00,96.71305577035608
11-01-2012 22:00,50.87054637953753
18-03-2011 10:00,259.17753877117525
19-09-2011 08:00,201.61578308254172
02-05-2012 20:00,179.39460365377732
10-07-2011 0:00,47.172366280096014
06-04-2012 11:00,235.45299978774977
13-10-2012 16:00,420.9227467527237
01-06-2011 19:00,201.18867880477887
02-11-2011 0:00,49.07649743495185
17-12-2011 15:00,254.09623401971126
04-07-2011 21:00,240.3577624329959
03-11-2012 1:00,46.01834707657659
06-12-2012 9:00,244.25446023498384
13-10-2012 10:00,313.662485612108
18-02-2011 21:00,292.36337057608216
08-04-2012 21:00,372.8915990876296
16-10-2012 00:00,0.0
13-10-2011 09:00,157.63789433492704
04-10-2012 11:00,228.84816124286903
09-12-2012 10:00,182.36278794326265
18-08-2012 13:00,425.6119170180861
13-02-2011 04:00,38.43695271774618
03-08-2011 12:00,240.63972690347538
08-02-2012 9:00,103.90890384419728
08-08-2012 17:00,376.05579197172824
15-10-2011 06:00,164.73253823793314
04-06-2011 7:00,217.48238241114035
07-06-2011 5:00,147.83352749233075
04-07-2011 10:00,294.9864453543585
06-01-2012 0:00,0.0
19-11-2011 03:00,52.82981372269916
08-04-2011 9:00,186.1509259337421
07-10-2012 6:00,242.56717411883
07-05-2012 2:00,68.53695723915473
03-06-2012 20:00,338.7592462447022
02-02-2011 21:00,79.49451294253032
17-05-2012 22:00,284.0047182412735
14-03-2012 22:00,234.46414877949832
02-09-2011 11:00,227.42294039588742
17-10-2011 08:00,227.68423831295837
17-09-2011 18:00,267.71694715598767
06-12-2012 11:00,268.54720186078794
17-04-2012 20:00,336.6744069783973
05-06-2012 4:00,61.750700853434694
06-01-2011 16:00,145.34477857783995
15-09-2012 02:00,61.269456224655585
12-01-2012 1:00,0.0
14-11-2011 12:00,330.2758406713336
13-09-2012 21:00,329.13042375827234
12-02-2012 2:00,0.0
17-09-2012 15:00,320.21277469436666
10-05-2011 8:00,204.2479147679289
11-10-2011 7:00,191.70543415121418
01-12-2012 8:00,124.24670761048651
16-07-2012 06:00,143.51300656019947
16-01-2012 14:00,158.50052275510092
12-11-2012 11:00,274.3765157407076
17-12-2011 14:00,246.51262055460992
16-06-2011 10:00,262.9178948496483
02-09-2011 23:00,143.3907778481751
05-08-2012 11:00,265.21199106886644
15-02-2012 06:00,137.01072148238413
05-07-2012 22:00,290.4016674045553
02-06-2011 11:00,290.68339317829793
16-12-2011 21:00,200.06074478279749
04-10-2011 13:00,281.48119126192336
09-02-2011 13:00,85.32739234115985
02-01-2011 12:00,219.5965107288404
19-03-2011 01:00,50.36188984325241
06-11-2012 16:00,294.8844983474714
04-05-2012 10:00,234.81604253728452
05-09-2011 17:00,227.233343781781
10-06-2011 12:00,398.0798901602245
12-11-2012 23:00,199.19582520868042
05-03-2012 19:00,141.41488695700485
04-05-2011 3:00,3.5064411697280775
09-08-2011 12:00,366.26637657803167
07-06-2011 6:00,184.86714781719851
08-05-2012 3:00,90.52864106890013
19-10-2012 20:00,251.80062270159326
09-11-2011 9:00,184.76839140859988
19-03-2012 03:00,82.14771165112231
01-11-2012 6:00,214.8731227109242
08-07-2011 14:00,354.3215783905977
07-08-2012 13:00,334.44038463509986
05-12-2012 13:00,319.37144450044667
09-02-2012 21:00,115.56185058262196
02-05-2011 15:00,274.87739526645976
05-08-2012 4:00,49.99333683071757
18-12-2012 15:00,336.7948687129987
15-04-2011 14:00,270.49483920202294
19-02-2012 14:00,204.66559878751684
18-07-2012 09:00,263.1731083011807
11-07-2012 20:00,415.99430048562186
19-11-2012 02:00,30.548448896203922
01-01-2012 2:00,0.0
09-04-2011 4:00,12.691414948445697
01-03-2012 15:00,303.06351860005356
16-05-2012 05:00,126.23783409957193
06-12-2011 14:00,134.28819219487013
14-02-2011 05:00,95.19080364371985
11-05-2011 7:00,231.65418501146755
13-12-2011 22:00,200.83723859292542
10-02-2011 23:00,0.0
01-09-2012 12:00,241.39841215941723
18-12-2011 14:00,244.5265991021434
19-12-2011 11:00,205.3619081370121
14-06-2012 03:00,79.15501706025651
03-07-2011 6:00,67.39348585997195
03-02-2011 9:00,104.33960875505917
19-06-2011 22:00,200.900965040868
10-12-2012 17:00,252.94100702415508
09-08-2012 14:00,427.295340667574
13-08-2012 13:00,351.257070987401
12-03-2011 19:00,343.56614459445416
19-09-2011 18:00,291.78605857838534
12-09-2012 11:00,382.87181295303645
14-10-2012 22:00,180.9539515169057
10-03-2012 20:00,264.17708058489336
17-02-2011 20:00,231.46199536781796
08-07-2012 16:00,431.6754468669035
11-07-2012 1:00,0.0
15-05-2012 14:00,279.225169253965
09-07-2012 19:00,386.4555913988763
17-11-2011 09:00,200.00131634732776
13-03-2012 03:00,19.19412051854607
19-10-2012 02:00,42.82631049627639
07-02-2011 9:00,110.5954226922156
15-07-2012 17:00,352.8250732551898
04-07-2011 21:00,256.5698541610664
18-08-2012 10:00,337.1557556702499
15-03-2011 23:00,45.813994389562026
08-11-2011 8:00,181.37337338204713
01-01-2011 18:00,89.62443836360421
19-01-2012 02:00,0.0
14-07-2011 22:00,303.6118541971823
02-08-2012 18:00,240.303117405978
06-06-2011 11:00,287.223919835243
02-05-2011 4:00,112.14595807174001
01-02-2011 10:00,115.8375086417906
02-07-2011 1:00,0.0
08-12-2011 19:00,218.30619048030223
17-09-2011 22:00,194.79534328183826
11-05-2011 17:00,418.72932247692313
07-12-2011 4:00,83.99726263632664
16-12-2011 01:00,38.38560933527711
10-06-2011 2:00,93.60345422437317
04-12-2011 14:00,224.38222199447148
19-04-2012 04:00,116.94457578115768
11-10-2012 17:00,394.3246186255349
15-04-2011 22:00,0.0
10-06-2012 0:00,63.45475364532166
01-08-2011 20:00,200.6601021658728
03-02-2012 20:00,160.75797993599411
11-07-2011 12:00,410.94097319974355
16-08-2011 20:00,352.5286585971075
02-04-2011 4:00,42.86075239929457
09-01-2012 13:00,102.77815605389952
18-04-2012 15:00,173.74572461363084
13-03-2011 07:00,154.96307449814316
11-10-2011 5:00,144.90099368135404
04-08-2011 18:00,239.85639533615904
03-10-2011 22:00,143.80850747689007
17-02-2012 04:00,81.63387269903293
06-11-2011 17:00,211.00828411325
12-08-2011 22:00,377.74651839862787
10-09-2011 20:00,329.3069090993277
02-12-2012 1:00,0.0
09-08-2012 12:00,367.496579222287
10-10-2012 7:00,201.23784892601236
18-11-2011 03:00,56.058708561332026
11-12-2012 14:00,292.0999860781801
07-02-2012 17:00,265.9733613759672
09-08-2012 4:00,96.4313249158294
11-07-2011 0:00,0.0
07-08-2012 11:00,275.6437575865872
02-01-2012 18:00,72.01148165084925
18-01-2012 03:00,0.0
08-09-2011 10:00,205.92312948385796
14-07-2012 20:00,214.77453113452077
12-01-2012 10:00,197.42788569457093
05-09-2011 19:00,188.3269393727622
07-11-2011 9:00,196.97823969346882
06-12-2011 1:00,0.0
06-06-2012 22:00,201.01863884628045
12-03-2011 14:00,414.2978583948165
17-08-2012 00:00,47.6202545601374
01-07-2012 1:00,0.0
09-01-2012 22:00,0.0
01-02-2011 23:00,0.0
14-03-2012 13:00,329.2340877356503
11-05-2012 18:00,437.8907610596902
11-11-2012 7:00,85.99411664008906
15-11-2011 07:00,215.31576829910085
04-07-2011 15:00,347.03263426250436
12-09-2012 19:00,434.59238631246393
09-12-2011 5:00,134.91723165549297
18-10-2011 09:00,237.3621428466861
02-07-2011 23:00,153.06621385026125
04-01-2011 21:00,46.16786103505356
05-09-2011 18:00,182.69081101597905
03-07-2011 23:00,53.00635061385333
13-04-2011 05:00,70.35351107787127
15-01-2011 12:00,157.16951093206754
13-09-2011 07:00,195.8888135184012
19-10-2012 04:00,112.55872626385042
18-11-2012 11:00,227.521960455375
07-01-2011 8:00,86.32270884735397
17-07-2012 19:00,401.94722709270144
12-12-2012 12:00,257.67115194211095
15-11-2012 19:00,229.60614284124665
19-12-2011 16:00,313.35784383792543
12-12-2011 20:00,238.19265473923184
05-06-2011 13:00,298.41561222282803
02-09-2012 15:00,218.9828148790909
12-06-2011 12:00,538.7108434357159
02-09-2012 7:00,0.0
17-08-2011 06:00,172.39841510784618
19-08-2011 04:00,103.88942748428573
03-01-2012 19:00,33.0691033024888
07-09-2011 8:00,135.7860481918013
16-09-2011 21:00,242.85806226083793
01-01-2012 4:00,15.889528025558661
06-09-2012 1:00,0.0
15-02-2011 12:00,159.7379472867242
03-11-2012 16:00,224.23217923164526
14-02-2012 19:00,183.62169253825488
19-04-2011 06:00,170.3875804067085
01-12-2012 13:00,207.71617465339403
03-04-2012 3:00,87.01649183216526
17-06-2012 19:00,363.3004502210799
12-01-2011 14:00,117.31328496886118
14-12-2012 01:00,0.0
10-08-2011 0:00,1.5704217158186111
16-11-2012 08:00,184.4486760253079
10-01-2012 22:00,112.94013854533074
01-04-2011 17:00,209.8803457484973
14-06-2012 20:00,322.2486545869951
06-01-2012 17:00,287.4978211652255
18-05-2011 22:00,176.36724353495293
02-03-2012 19:00,96.09827635577759
12-12-2011 15:00,262.8750445747148
11-05-2012 6:00,163.74367098509472
07-07-2012 5:00,129.62042710504215
06-03-2011 1:00,47.291982886666716
01-02-2011 15:00,137.09112785597534
06-04-2012 10:00,205.55973951695688
05-09-2012 16:00,278.86966224565595
07-12-2011 22:00,1.4584200723835465
01-11-2011 0:00,49.95833174735847
16-11-2012 08:00,190.60534671137938
14-11-2011 07:00,204.97032598569962
14-09-2011 10:00,285.23489653124574
09-11-2011 7:00,165.83381750528798
02-12-2011 22:00,162.89244922144903
06-02-2011 7:00,122.45990431649886
10-09-2012 1:00,31.856191624092105
05-09-2011 0:00,26.948813529031895
07-07-2011 8:00,202.0272532534072
01-12-2011 5:00,199.53402893214258
08-02-2012 7:00,67.87594106643388
01-09-2012 5:00,2.8168827010402993
09-11-2012 22:00,184.0928401150594
19-04-2011 14:00,263.7446228525349
09-04-2011 15:00,172.98416868437857
08-01-2012 13:00,349.58753087393495
13-10-2011 21:00,249.5765287501143
18-10-2011 07:00,180.06487941829047
17-03-2011 05:00,124.37641386471634
01-12-2011 9:00,243.53221053619865
09-02-2011 13:00,94.90936772334481
01-11-2011 13:00,267.09798259935656
19-02-2012 06:00,76.48669227608713
04-04-2011 20:00,316.67058404261405
09-07-2011 8:00,270.4059316283204
06-07-2012 1:00,0.0
08-09-2012 9:00,249.41639386748358
18-01-2012 14:00,187.24674357679663
10-01-2012 2:00,0.0
15-06-2011 10:00,298.81199057527897
07-09-2012 6:00,129.9485531732676
10-09-2011 10:00,339.55236131993485
17-12-2011 20:00,79.77887842572784
15-11-2011 20:00,238.67818094868767
08-03-2012 11:00,303.0463541473819
04-09-2011 6:00,36.512883821717196
16-10-2012 15:00,363.06955039313414
01-07-2011 1:00,2.1959951210328086
03-11-2012 12:00,197.64825028876652
15-04-2012 17:00,367.39046903455585
09-10-2012 11:00,279.54423974673875
04-03-2012 18:00,215.08286403997315
01-12-2012 3:00,75.75472159235196
06-10-2011 17:00,327.9421809082877
19-03-2012 04:00,109.87311167156625
19-11-2011 12:00,347.5887000357175
14-08-2012 18:00,360.99641356510097
02-02-2012 23:00,92.89663170994294
13-06-2012 20:00,382.50627610430126
19-11-2012 16:00,298.73122517023927
16-10-2011 12:00,396.77971213106696
09-03-2012 8:00,114.917520286398
01-07-2011 18:00,304.8425253387253
07-08-2012 5:00,133.00540006488922
14-06-2011 17:00,276.3714767149613
16-02-2011 12:00,211.33041059662023
17-09-2012 17:00,325.1712840137348
19-08-2011 19:00,181.34527914536432
16-10-2012 19:00,332.9451878301618
03-12-2012 4:00,124.49572462032177
08-09-2011 20:00,205.5965211524121
02-04-2012 20:00,240.390714694308
18-10-2012 22:00,191.90967525709124
18-05-2011 16:00,296.0802602246235
13-06-2011 20:00,351.21108923246095
10-10-2011 5:00,109.0836810122475
06-12-2011 0:00,0.0
15-10-2011 03:00,106.97540444681044
12-08-2012 22:00,435.6475880777407
05-11-2012 9:00,249.65382316998893
04-08-2011 11:00,236.61783993344955
16-05-2012 10:00,268.77023183148606
14-04-2012 11:00,297.74826029008665
13-07-2012 23:00,314.0415691931779
04-10-2012 10:00,182.67917221907553
07-10-2012 18:00,198.79713545504387
16-03-2011 13:00,220.2831479827183
17-08-2011 18:00,374.2524305859415
18-06-2011 04:00,84.0412105666729
01-06-2012 20:00,86.18340146150396
05-08-2011 6:00,145.84316189914128
16-10-2011 02:00,90.15489433816188
03-09-2012 17:00,226.5036903399595
18-10-2011 16:00,365.3378088129845
13-07-2011 13:00,312.3921355790767
11-01-2012 5:00,33.11190404966928
06-12-2011 4:00,67.38683242402607
10-02-2011 16:00,78.85956152923137
19-07-2011 04:00,93.37146819671341
04-02-2011 8:00,95.26713786925183
14-04-2012 01:00,31.801484174072755
16-03-2011 11:00,200.36906253923286
06-08-2011 19:00,258.37745137903374
05-12-2012 9:00,267.65671151076305
03-05-2011 0:00,0.0
13-12-2012 21:00,199.95145205313676
03-04-2011 20:00,239.20581035110362
19-12-2012 17:00,298.5562345533168
13-07-2011 04:00,112.87291229089072
10-01-2011 9:00,0.0
19-05-2012 04:00,140.81901980444528
09-11-2011 6:00,149.7527076368147
12-10-2012 16:00,363.0589054079776
05-03-2011 4:00,104.28440672046074
05-03-2011 2:00,53.13192201819055
09-02-2011 11:00,0.0
05-03-2012 9:00,113.91115718026046
03-02-2012 0:00,0.0
08-08-2011 23:00,286.2168063409444
14-04-2012 15:00,406.87098837634164
07-01-2012 17:00,375.17163325573114
06-03-2011 6:00,155.6429698011575
04-08-2012 21:00,231.33859094805615
07-07-2011 16:00,386.00074993362796
10-07-2012 10:00,336.31299385965224
13-04-2011 12:00,173.5808157765374
04-03-2011 14:00,232.3209510645662
15-10-2012 19:00,224.309376220433
10-07-2011 2:00,106.23659808939789
08-03-2011 13:00,157.98171144291723
10-04-2012 11:00,260.2885623213136
06-09-2011 17:00,212.7655454944262
09-01-2011 9:00,97.07105274447974
15-08-2011 14:00,336.22523274711426
01-03-2011 8:00,122.69647898506298
11-01-2011 19:00,0.0
18-09-2011 00:00,0.0
08-11-2011 12:00,325.11523513694556
03-10-2011 9:00,274.7409509573245
06-12-2011 13:00,141.77292439774675
18-02-2011 04:00,116.79468135387967
13-10-2011 14:00,303.09233598732163
17-09-2012 02:00,53.04158096725726
15-04-2012 11:00,316.7058385418503
02-03-2011 8:00,152.04772042078395
15-10-2011 10:00,313.2398645495608
04-08-2012 5:00,5.779600725452326
06-09-2011 15:00,164.4438842383416
12-03-2012 9:00,193.7737671435318
11-06-2012 14:00,441.88719888808305
19-10-2011 00:00,0.0
08-11-2012 19:00,309.722147906979
01-07-2011 5:00,123.02713717642487
17-11-2012 10:00,269.97193622143374
16-05-2011 02:00,33.293326700409835
10-08-2012 12:00,334.60967307230555
19-06-2012 18:00,376.2940096017682
05-09-2011 3:00,131.46118882158385
14-12-2011 04:00,93.6047193762567
02-08-2012 8:00,135.17419148957936
05-03-2012 10:00,117.42221015730132
04-01-2012 18:00,58.54756428089536
17-07-2012 11:00,300.3157876795285
05-08-2011 10:00,251.61459767619635
12-12-2011 16:00,261.32603933078605
16-01-2012 06:00,41.73110862505348
03-02-2012 23:00,28.90573594067382
03-05-2011 2:00,37.981840054433746
04-06-2011 21:00,352.03242183156317
19-10-2011 18:00,156.45731137670126
16-08-2012 10:00,303.32399620345893
01-01-2011 14:00,197.52854053602044
14-12-2011 03:00,72.65096165153125
17-01-2012 18:00,212.50014620675228
19-11-2012 20:00,223.74372280210684
19-10-2011 16:00,190.8986549443407
16-04-2012 00:00,36.08804711799891
06-06-2012 12:00,315.38389018943957
11-11-2011 13:00,282.9625358933227
11-03-2011 5:00,111.3499201715552
10-04-2011 7:00,176.68466042378063
08-08-2012 21:00,318.09456431257877
05-03-2011 18:00,323.3567064806389
05-11-2011 6:00,131.06941687131624
16-07-2011 20:00,364.86648675899994
13-12-2012 00:00,0.0
04-01-2012 9:00,3.315819434932507
18-08-2011 11:00,318.17041921059615
15-11-2012 22:00,165.64013049465416
13-11-2012 14:00,302.77741622464794
09-12-2011 21:00,173.50683920928887
06-04-2012 3:00,49.33186004936462
10-08-2012 16:00,416.4792501116639
17-09-2011 04:00,121.44652934318987
16-11-2011 21:00,124.32530637573652
12-06-2011 19:00,488.2304798314507
01-12-2011 7:00,197.37735858420325
16-07-2011 09:00,294.22756520158265
04-09-2011 23:00,160.8471456863162
19-08-2011 12:00,303.85439640367133
15-10-2012 23:00,233.85822876355326
05-07-2012 17:00,336.0569285855436
15-08-2011 09:00,220.56980216416054
14-01-2011 22:00,0.0
15-12-2012 16:00,330.6726637854257
01-04-2011 4:00,113.64371198158432
14-08-2012 02:00,20.19114581761511
11-04-2012 1:00,0.0
11-06-2012 8:00,281.05647566017956
14-03-2011 07:00,139.2827289417665
17-06-2012 22:00,282.0485248358799
16-09-2011 02:00,45.18447931855806
08-08-2011 19:00,378.66841509687674
19-05-2012 21:00,338.09442638485
18-05-2012 12:00,332.6196821732718
06-08-2012 22:00,248.423130660682
19-09-2012 17:00,395.79243664107514
18-04-2012 07:00,179.48593899019565
18-02-2012 00:00,0.0
14-02-2011 19:00,188.5689541133716
17-08-2012 15:00,462.1820204588744
11-03-2011 16:00,186.0567833133539
17-05-2011 22:00,152.7826564557704
13-04-2011 06:00,94.81553469608193
17-10-2011 10:00,298.9399634799806
09-07-2012 10:00,247.6498928440835
10-10-2012 20:00,341.00918032405787
05-08-2012 22:00,160.36404693566817
18-06-2011 22:00,321.2880126299504
09-06-2012 11:00,438.16264553091287
09-03-2011 12:00,178.87076625515795
12-04-2012 19:00,331.94058835728663
10-10-2011 20:00,278.1115755291414
19-03-2011 13:00,304.53445557335743
11-09-2011 15:00,493.966073354266
13-06-2012 15:00,383.37848701140877
08-03-2012 20:00,380.37297297839837
12-01-2011 23:00,0.0
13-12-2011 03:00,42.35688082152228
05-08-2011 10:00,266.1020444267492
08-05-2011 23:00,105.44060093679155
08-12-2011 4:00,94.2956389968138
13-07-2012 17:00,388.7598302264024
09-10-2011 7:00,125.99609013981151
17-10-2012 00:00,0.0
05-07-2012 11:00,253.09330158143138
07-09-2011 11:00,176.0464495145742
10-02-2011 1:00,0.0
04-05-2012 16:00,321.3018694583853
19-09-2011 23:00,214.87018100844415
16-12-2011 10:00,247.93221601200386
14-06-2011 07:00,203.13555940117007
06-11-2011 9:00,178.97754414729658
18-01-2012 17:00,148.62981000174048
09-12-2012 19:00,141.1292089865909
15-11-2011 18:00,285.14977334789353
01-10-2011 12:00,129.86576413411274
10-06-2011 20:00,397.6550116146424
01-08-2011 9:00,199.47885996685812
08-07-2012 6:00,219.67888623485115
08-10-2012 18:00,218.16433152742007
14-06-2011 23:00,231.6605743054117
01-06-2011 0:00,0.0
02-08-2012 20:00,207.81667453273343
08-08-2011 9:00,263.1481050997314
07-06-2012 12:00,323.9221646138755
08-09-2012 22:00,214.50603971024418
16-12-2011 15:00,250.51844981173198
09-10-2011 8:00,134.39765832860456
19-08-2012 11:00,230.95162595667801
13-04-2011 17:00,257.2279331998278
11-03-2012 13:00,391.0751882627059
18-09-2012 02:00,0.0
05-11-2012 11:00,290.85320355873114
17-05-2011 15:00,293.025885987526
11-06-2011 10:00,447.54289418951805
18-06-2012 17:00,283.45795992281586
13-06-2012 07:00,195.86325245698464
04-05-2011 18:00,233.24310742158744
14-07-2012 22:00,183.59421659743398
07-08-2012 9:00,230.8664569170886
03-12-2012 20:00,224.44338206614742
17-07-2011 09:00,275.6448187949493
05-01-2012 10:00,113.47948108195735
01-09-2011 1:00,0.0
03-08-2011 2:00,0.0
02-05-2012 7:00,152.5356289244095
07-02-2011 13:00,182.59714621339944
10-02-2012 5:00,19.803154890780718
06-07-2012 2:00,14.811113208160691
17-04-2012 17:00,350.719696690147
06-10-2011 6:00,192.799120889061
01-07-2012 14:00,252.9624036651944
04-09-2012 23:00,174.52212149478555
15-02-2012 15:00,255.71006469580192
07-09-2012 0:00,0.0
13-07-2011 10:00,295.10179838302935
10-06-2011 21:00,415.94157097890854
19-01-2012 19:00,104.95931121304909
08-05-2011 16:00,441.7806413800182
19-12-2011 18:00,278.22894391793477
13-08-2011 19:00,264.22017489961814
10-05-2011 22:00,277.45062581437725
14-08-2012 16:00,393.91077389695033
04-09-2012 6:00,106.91493562975924
01-08-2011 21:00,149.2956061502092
03-12-2012 0:00,16.625402533734814
18-10-2011 14:00,371.5891954549701
19-09-2012 21:00,278.93291280915525
10-01-2012 13:00,272.86756686143383
17-12-2012 23:00,78.83092719878331
19-01-2012 22:00,37.96449506115698
15-04-2011 21:00,50.46780825816131
14-11-2012 18:00,263.91041279513547
19-08-2012 06:00,205.38123842882771
19-05-2012 16:00,455.5231180812785
05-03-2012 5:00,39.10918275689863
18-01-2011 13:00,146.78693312231428
01-02-2012 6:00,105.76191796534266
03-12-2012 16:00,293.55245835811075
16-06-2012 11:00,390.6991134991679
12-02-2012 15:00,128.30613036543286
06-09-2012 6:00,135.36592257346268
03-08-2012 5:00,70.40164847304194
06-07-2012 15:00,367.96502207234323
07-11-2011 8:00,189.76575637464245
04-06-2012 14:00,340.49974839305327
18-11-2012 08:00,143.72998654871185
02-10-2012 18:00,129.39059492386696
15-07-2011 20:00,356.2544160081603
07-09-2012 17:00,349.59751921412135
01-11-2011 21:00,136.36567407753242
03-09-2012 13:00,281.4814412851017
12-03-2012 1:00,0.0
17-10-2012 13:00,334.90733430829636
15-07-2011 00:00,0.0
09-04-2012 22:00,259.8094229820142
10-06-2011 7:00,261.93535168115534
15-02-2012 20:00,189.93189412829702
15-10-2012 20:00,253.94473397018623
08-08-2011 16:00,391.46166693210216
03-09-2012 1:00,0.0
01-12-2012 15:00,265.47436614205805
08-08-2011 7:00,212.37022467126303
06-10-2012 7:00,55.25202316671937
17-02-2011 04:00,91.09890295356763
07-11-2012 6:00,182.46448397572055
09-06-2011 6:00,174.148092516904
07-12-2012 17:00,278.90718238194773
18-08-2011 00:00,0.0
18-09-2011 02:00,11.617274088719341
19-04-2011 15:00,267.16203387864493
03-10-2012 6:00,96.84609147019432
07-01-2011 14:00,86.60889359959452
11-08-2011 14:00,391.4821939977471
10-09-2012 10:00,338.8250597649848
04-02-2011 19:00,87.22196119580815
10-12-2012 21:00,155.81259720646835
02-07-2011 3:00,70.93931927369027
18-05-2012 21:00,332.74556597715474
02-07-2011 16:00,323.9328736471015
16-06-2012 07:00,209.62433942249734
05-02-2011 19:00,104.90600700920135
02-11-2012 8:00,263.0430035432381
19-07-2012 15:00,372.7432192112278
11-07-2012 13:00,383.1315854864472
09-01-2012 22:00,0.0
02-02-2012 0:00,0.0
11-04-2012 9:00,140.71642450887202
19-04-2012 03:00,88.10380063261402
06-04-2012 20:00,276.5815570731449
07-03-2011 4:00,75.03633516345855
06-03-2011 6:00,157.5391762943127
15-02-2012 21:00,157.67617017698825
07-06-2012 7:00,202.98915831642788
02-08-2011 16:00,271.72857946205386
14-04-2012 06:00,100.8779963570384
14-10-2011 15:00,407.58839866320915
03-02-2011 8:00,86.37811556229988
17-12-2011 02:00,50.337780404218165
09-03-2012 10:00,137.6362653485057
06-08-2012 13:00,333.44947036849294
07-05-2012 6:00,165.97014718399168
03-02-2011 14:00,147.48593898467712
01-01-2012 10:00,90.47284995945958
09-06-2011 22:00,351.8738252719351
12-08-2012 11:00,478.68773282009954
17-03-2011 01:00,15.107969638057511
15-03-2011 10:00,177.09479392055363
07-07-2012 10:00,387.32162075054543
06-10-2011 8:00,241.10038280444985
14-03-2011 10:00,181.95938222942323
15-03-2012 23:00,171.01594530884353
12-07-2011 9:00,373.8999007624412
08-12-2011 18:00,243.90441758577137
05-10-2012 5:00,148.89213150206209
15-05-2012 23:00,108.29881570047974
03-06-2011 14:00,348.11058386763943
15-01-2012 16:00,138.56997103836173
02-02-2012 4:00,72.81280418009868
14-08-2011 17:00,366.79256269214756
05-05-2012 12:00,325.83591205320556
12-02-2012 16:00,181.95988803391813
03-07-2011 4:00,151.31001666642962
06-06-2011 16:00,349.45942290730585
19-11-2011 06:00,101.30436855077136
13-02-2012 05:00,15.741468298576649
08-10-2012 10:00,223.03883035182108
05-11-2012 5:00,177.7858593232521
18-06-2011 20:00,367.1544714368847
08-01-2011 18:00,107.92770348247771
17-04-2012 11:00,282.66739903337947
14-07-2011 00:00,0.0
04-11-2012 8:00,194.72718705603756
04-11-2012 18:00,238.43555307879333
03-01-2012 7:00,87.31476151745136
02-11-2012 19:00,257.65581582396726
08-03-2012 4:00,148.3408225748633
02-05-2012 16:00,264.80292604275115
13-05-2012 04:00,132.45914975786252
14-09-2012 01:00,33.19875613425688
03-02-2011 19:00,77.61747139683197
11-08-2012 9:00,304.75724794568214
09-01-2011 7:00,0.0
12-01-2011 5:00,2.3202426518195125
17-05-2012 14:00,353.7452518529685
17-08-2011 07:00,216.55597072121572
19-01-2012 16:00,171.6879227380506
16-11-2012 00:00,0.0
01-12-2012 9:00,66.0762517813125
10-05-2012 9:00,305.6256384912479
15-05-2012 21:00,192.96535782054914
04-11-2012 11:00,246.80167744094507
14-10-2011 03:00,67.65675186070735
09-07-2012 5:00,139.2249115832053
02-06-2011 17:00,350.68197573276757
06-07-2011 14:00,310.93909705929286
15-10-2012 04:00,122.73869559171541
12-08-2011 11:00,358.2709610350772
17-04-2011 16:00,345.81133219947844
08-01-2012 18:00,268.68919974727623
17-01-2012 23:00,123.53566271504477
10-11-2011 12:00,265.8876316708063
17-06-2012 15:00,388.7908961330194
04-05-2011 7:00,120.5212393971849
12-02-2012 23:00,0.0
05-05-2012 12:00,312.4086360061803
19-04-2011 22:00,171.2034896948654
17-05-2011 07:00,149.1130983753426
05-02-2012 15:00,227.52129886530827
18-04-2011 10:00,242.4026361052143
15-10-2011 23:00,300.842268484227
13-11-2012 05:00,121.74582661118367
01-11-2012 10:00,286.8691443171538
08-09-2011 15:00,222.0318064254069
11-02-2012 14:00,191.71456064932403
04-11-2012 16:00,254.64235228713983
04-08-2011 13:00,273.7222441020921
05-11-2012 14:00,319.896519470599
02-11-2012 15:00,270.5017655469721
03-04-2011 6:00,99.58837198979177
11-07-2012 10:00,311.861109402455
05-09-2012 6:00,120.93107800566946
16-09-2011 14:00,321.82676491773736
10-11-2012 9:00,220.5022350386414
10-05-2012 5:00,183.7487346498637
19-03-2012 15:00,316.0436202529941
06-08-2011 16:00,282.9578424681234
16-04-2011 19:00,66.6351178182561
14-11-2012 11:00,259.21677765502744
08-04-2011 3:00,10.163201791998006
04-05-2012 15:00,296.0716801141638
09-10-2012 14:00,317.8635502919531
02-05-2012 1:00,0.0
07-07-2011 18:00,387.634660222939
07-05-2011 21:00,342.60531995408064
14-02-2011 14:00,281.7531389911909
12-02-2012 22:00,0.0
09-03-2011 10:00,151.45370712960857
12-07-2011 8:00,317.0680157474559
01-04-2011 19:00,184.48230455871723
10-11-2011 1:00,37.85428939895135
14-07-2012 13:00,354.34631531128576
14-09-2011 08:00,221.48379243865773
11-07-2011 14:00,455.778642370332
19-04-2012 20:00,287.89106340342266
10-06-2011 14:00,404.50559613641275
15-07-2011 04:00,128.52459920052235
08-06-2011 16:00,492.92082359640017
11-01-2011 0:00,0.0
09-09-2012 7:00,202.31601220505073
18-05-2012 13:00,350.19742656063977
16-12-2012 22:00,107.35106844105877
02-10-2012 0:00,20.31035773454954
01-10-2011 19:00,80.23939122706298
12-06-2012 20:00,400.1657555781317
12-02-2011 20:00,205.61224496483442
09-03-2012 6:00,111.97704156858441
15-05-2011 04:00,52.646838686639256
12-02-2012 14:00,151.31892968791516
16-09-2011 01:00,25.332873319520388
01-03-2012 19:00,239.4638260150287
16-07-2011 07:00,193.3604060760856
03-11-2011 4:00,131.63602209877544
12-05-2011 8:00,261.0594541355878
17-01-2011 21:00,0.0
16-10-2012 14:00,363.66556618142215
07-05-2012 12:00,282.901761490145
12-12-2012 19:00,220.34964995992632
11-08-2012 16:00,538.3118965464373
18-01-2012 05:00,72.67358074850148
11-12-2011 16:00,329.2833402247719
15-05-2011 08:00,137.5337673408494
05-04-2012 2:00,39.59525572004654
05-08-2011 7:00,163.83432714491474
17-04-2011 09:00,215.2181457624585
07-12-2011 19:00,62.99915955036141
07-11-2012 18:00,244.44953586577955
15-07-2012 20:00,223.49706098150236
05-09-2012 2:00,0.0
11-12-2012 8:00,205.01493586423157
09-07-2011 21:00,391.95001015733624
07-12-2011 11:00,195.3741323399594
01-11-2012 16:00,303.3180309546497
17-03-2011 00:00,0.0
11-08-2012 4:00,151.85946788508446
02-01-2012 23:00,0.0
08-07-2012 1:00,61.778063107679486
16-03-2012 11:00,222.6770378713117
19-12-2012 18:00,284.55098068957426
19-08-2012 20:00,243.84987090235398
17-03-2011 10:00,230.52386648405897
04-03-2012 19:00,194.4929224351937
08-08-2011 3:00,16.12678986073854
04-12-2011 16:00,215.02178018333086
18-02-2012 11:00,190.1573112231041
09-08-2012 10:00,340.01883150421054
14-07-2011 06:00,201.41751070174234
17-01-2012 09:00,125.22022236073462
15-05-2012 16:00,315.0001938185991
15-12-2011 12:00,249.42898853898186
06-11-2011 23:00,0.0
06-02-2012 22:00,96.07672418440939
07-07-2012 9:00,305.1391211954111
19-11-2011 20:00,233.00410403564467
16-12-2011 10:00,252.0708953027093
16-10-2012 05:00,152.64216985395842
10-02-2012 13:00,113.16022400946525
06-06-2012 8:00,210.71632230740303
17-05-2012 01:00,8.73944668070186
19-12-2012 03:00,54.59004661923609
03-12-2011 10:00,171.0583061514035
10-01-2011 21:00,0.0
11-09-2011 4:00,157.76088569201994
19-06-2012 20:00,373.19572089608727
02-02-2011 22:00,67.306265414052
11-05-2011 14:00,399.2928724657306
18-06-2011 15:00,454.7787448367246
05-06-2011 10:00,267.3242517848238
08-02-2012 18:00,34.72084435918612
15-07-2012 12:00,382.7798213496548
04-11-2012 19:00,220.1787139447315
02-08-2011 6:00,104.08839189049397
02-11-2012 3:00,142.7349469547681
14-05-2011 14:00,183.9899677075119
15-08-2011 18:00,334.9406628554739
06-08-2011 17:00,285.6713305546516
13-05-2012 16:00,402.2518418192007
15-01-2011 15:00,227.8925193086015
16-06-2011 05:00,173.2557979847549
17-10-2012 22:00,168.97126035501202
17-11-2011 08:00,111.59497549089306
17-07-2011 16:00,406.2947870304072
12-10-2011 15:00,202.8611130545955
13-08-2011 14:00,325.47325665263554
09-06-2012 4:00,225.87774024157295
09-08-2011 21:00,404.88678462621186
10-02-2011 4:00,0.0
10-04-2012 14:00,346.3454132888236
03-06-2011 7:00,210.63373438896605
12-11-2012 17:00,344.0318224537705
06-10-2012 10:00,171.49236395940488
16-11-2011 15:00,200.62260627659006
04-06-2011 4:00,134.36963814552627
13-06-2012 17:00,395.8749649890984
08-05-2011 12:00,415.2248913811462
05-06-2011 6:00,232.67382737294454
06-12-2012 8:00,206.97515799486067
01-02-2011 2:00,2.8427207430922863
13-09-2012 02:00,61.65129119277313
01-10-2012 23:00,149.02405121486504
06-10-2011 14:00,354.64258238868376
14-06-2012 01:00,37.741102550653665
02-01-2012 5:00,41.01261021362106
18-04-2012 16:00,210.6674088610034
08-09-2012 17:00,259.1605100782493
03-04-2012 12:00,285.5855691751057
01-10-2011 2:00,0.0
13-04-2012 15:00,330.5890632554268
09-03-2011 13:00,193.81032665977477
10-05-2011 9:00,230.19136877997295
04-04-2012 6:00,162.53752917384122
15-02-2012 07:00,141.44507450637192
09-01-2012 4:00,0.6132096006733718
03-03-2011 19:00,98.20729086823542
02-06-2011 22:00,295.78756327688325
10-01-2012 6:00,53.26952696712192
16-09-2012 21:00,351.06062535923945
17-01-2012 00:00,0.0
18-10-2011 06:00,169.32859342653865
19-10-2012 09:00,188.4532609035919
16-02-2011 16:00,260.8271088028344
07-04-2011 22:00,160.78292526753114
19-07-2012 18:00,404.72176560647796
10-03-2011 22:00,37.17261848907384
07-10-2011 13:00,363.0882434521821
06-11-2012 3:00,119.95125885317805
02-11-2011 19:00,179.83205777707985
15-03-2011 01:00,0.0
10-02-2012 1:00,0.0
02-03-2012 5:00,116.10217218206262
01-06-2011 2:00,0.0
07-05-2012 10:00,243.9397326157785
14-01-2011 05:00,55.41890989403893
04-04-2012 0:00,0.0
13-10-2011 22:00,233.40497725158696
12-07-2011 20:00,484.83340871226255
11-02-2012 22:00,12.804774476586033
15-05-2012 19:00,294.77355172345904
11-12-2011 17:00,299.8510286507786
19-06-2012 12:00,301.08574196306046
08-10-2012 20:00,140.07434314833392
01-03-2011 23:00,30.877783542888125
19-07-2012 14:00,368.48638358296046
14-07-2012 17:00,253.0818487614443
04-06-2011 19:00,405.1157860377331
15-06-2012 00:00,0.0
13-06-2012 11:00,277.06510450162585
08-04-2012 16:00,513.0211695617181
14-05-2012 10:00,172.52683128226664
19-07-2011 05:00,122.97434622674217
11-11-2012 19:00,308.95052794926687
19-06-2012 07:00,179.59448296679875
02-05-2012 14:00,257.5179118908504
15-07-2012 10:00,276.06151368072244
09-07-2012 8:00,210.8585370611313
01-07-2011 14:00,290.285149678366
12-03-2012 16:00,504.39561754863337
19-02-2011 04:00,112.68577027127608
12-12-2011 21:00,143.05394930674083
16-08-2012 15:00,407.8512224903576
18-12-2011 06:00,94.80169932752699
12-12-2011 17:00,244.0471521809505
01-02-2011 18:00,94.95701632056773
08-02-2011 1:00,0.0
18-07-2012 16:00,325.8208128827892
08-06-2012 11:00,333.20884930244034
10-06-2012 22:00,420.1732948236614
02-07-2012 20:00,254.95625386021254
04-05-2012 22:00,170.72492298785681
09-08-2011 8:00,239.16769588726427
13-12-2012 12:00,293.21244557002535
02-06-2011 10:00,271.18892077531353
04-11-2012 20:00,124.85443187979808
03-12-2012 7:00,223.60843277190105
03-12-2012 3:00,108.28963770558028
13-05-2012 05:00,130.87348399441538
11-04-2012 2:00,0.8211755294609588
11-04-2012 5:00,76.40311841173155
03-06-2012 14:00,353.723526498843
05-12-2011 14:00,307.6358254480019
02-08-2012 12:00,226.8990690080518
04-10-2011 7:00,157.23488426060663
13-04-2012 03:00,94.87851087222359
08-06-2012 13:00,359.37612506178056
11-04-2011 20:00,490.89459349038674
19-11-2012 18:00,260.73287713043237
14-07-2012 22:00,192.27003416005275
19-02-2011 21:00,124.11719037449734
12-12-2011 12:00,246.37742057179787
06-07-2011 0:00,0.0
07-02-2012 16:00,275.178732283369
03-07-2011 12:00,240.39450049905108
06-07-2011 10:00,204.99701013576154
13-09-2011 04:00,107.15320867565111
10-05-2012 0:00,0.0
12-01-2012 0:00,0.0
18-04-2011 22:00,224.2932357322021
15-05-2011 10:00,186.63187502291441
09-06-2011 4:00,127.14251469251377
07-01-2011 10:00,109.2616714261452
17-09-2012 19:00,296.9724842943276
12-03-2011 16:00,463.8419342354951
13-02-2012 22:00,87.1835925034724
12-06-2011 2:00,154.9793537260614
16-07-2012 23:00,250.04146260971248
11-11-2012 13:00,389.9281584454724
13-04-2011 20:00,212.9806319216867
07-03-2012 17:00,380.02834581372065
07-07-2011 7:00,154.4131531414916
05-03-2011 17:00,329.94326442740123
19-04-2012 19:00,312.0025906117165
12-06-2011 22:00,366.7277492375291
10-11-2011 11:00,262.62998002214647
04-06-2012 0:00,0.0
06-12-2011 18:00,118.78209649745622
12-08-2011 21:00,429.2171354481479
09-03-2012 22:00,186.0092736273086
04-05-2012 8:00,172.70974902102256
10-01-2011 3:00,0.0
04-09-2011 17:00,230.48570678397675
06-10-2012 3:00,1.575510903053214
17-04-2012 09:00,227.3858556057827
08-04-2012 10:00,358.4660180667744
08-10-2011 18:00,398.1781558317509
08-03-2011 7:00,59.1026367271121
19-09-2012 05:00,126.15516651793038
07-03-2011 16:00,212.15240074711411
04-02-2012 11:00,190.83527620715677
13-05-2011 08:00,184.30993655475206
14-09-2011 21:00,310.5407195195779
07-10-2012 10:00,264.8193710966766
17-11-2012 03:00,49.30916865136365
04-09-2011 7:00,86.63431247851801
07-06-2012 8:00,209.89198228742683
08-08-2011 2:00,0.0
03-07-2012 15:00,314.74156662824794
04-08-2011 21:00,208.64797218917982
03-04-2011 17:00,338.22769826492333
01-10-2012 9:00,282.323744667354
05-08-2011 17:00,342.12185404537547
14-08-2012 05:00,110.22759038587682
05-12-2012 12:00,309.38345075535636
03-05-2012 5:00,120.72560482165474
18-02-2012 09:00,89.49937157871801
05-09-2012 14:00,305.02618780039137
07-12-2012 20:00,176.11186055745367
17-11-2011 08:00,136.89348268515658
07-02-2011 1:00,0.0
17-03-2011 19:00,241.41556104380385
12-09-2011 22:00,298.56603643960784
13-06-2011 16:00,372.3774974266387
19-02-2011 14:00,257.659675708448
15-05-2011 12:00,249.1198626212561
15-04-2012 15:00,370.63936920041476
01-12-2012 22:00,0.0
04-08-2011 12:00,255.57702482568655
19-10-2012 15:00,338.77090671518965
13-06-2011 13:00,326.4269937851171
16-11-2011 20:00,135.86593250170313
14-12-2012 21:00,164.2605591584999
10-07-2012 17:00,478.01763465229794
03-01-2011 15:00,152.50824989695454
15-06-2012 04:00,124.24062772266748
09-02-2011 10:00,0.0
01-03-2011 22:00,58.07322645694083
11-02-2011 6:00,0.0
03-01-2012 4:00,30.37473243641682
01-03-2011 1:00,0.0
03-10-2011 4:00,130.4033031391845
02-09-2011 15:00,249.653327690638
01-04-2012 6:00,140.1523714763915
14-05-2012 17:00,193.12279123507864
03-02-2012 13:00,203.96947628364882
05-10-2012 0:00,0.0
07-02-2012 13:00,262.3186165568446
13-05-2012 18:00,370.0942271163475
16-08-2012 14:00,385.8136801921821
09-02-2012 23:00,9.55353417066317
13-01-2011 06:00,77.95613479061711
10-10-2011 9:00,238.83102728426184
12-03-2012 19:00,348.96420845323587
15-04-2011 15:00,271.81586076422064
06-03-2011 3:00,105.77316521151974
15-01-2011 03:00,53.83941771822006
06-02-2011 3:00,47.50549374008145
04-05-2012 4:00,95.67945865728967
06-02-2012 20:00,173.00130471427968
10-03-2012 16:00,302.8003564705074
07-09-2011 5:00,102.69834181568436
14-12-2012 05:00,97.03908112489779
05-06-2011 22:00,175.34067464982934
03-01-2011 14:00,152.43222700563865
16-07-2011 01:00,29.657458174216714
12-03-2011 9:00,188.77872018539028
08-05-2011 7:00,204.19552412430465
09-11-2012 8:00,225.027308952548
09-02-2012 2:00,0.0
02-10-2011 16:00,121.10841423027057
18-12-2011 09:00,136.29130210783396
04-08-2012 20:00,276.4510381280894
03-08-2012 23:00,132.2419385037149
19-03-2012 08:00,193.31188620208155
16-02-2012 14:00,134.7300271290219
06-08-2011 10:00,271.98161462568936
07-01-2011 13:00,73.2348551268588
14-11-2012 19:00,243.6795489201154
05-08-2011 5:00,120.46481179349092
16-10-2012 16:00,372.62630497543023
07-09-2012 11:00,273.911108847474
06-11-2011 7:00,61.99375896274677
19-02-2011 23:00,51.95234700246024
04-04-2011 9:00,210.420730891591
10-11-2011 4:00,103.40898236965248
16-10-2012 21:00,268.0301938651493
09-05-2011 22:00,256.52037689994705
02-02-2012 1:00,0.0
09-05-2011 14:00,384.9469658701264
11-09-2011 11:00,378.32516090573876
04-01-2012 23:00,0.0
18-06-2011 07:00,192.8898915711772
18-03-2011 09:00,228.9666777977647
12-09-2012 12:00,409.0777081444098
16-07-2012 04:00,84.64180065806252
05-05-2012 13:00,323.2372771794013
14-11-2011 16:00,402.54675918904013
11-06-2011 8:00,376.11568281702245
14-12-2011 02:00,36.360200142141906
10-07-2011 20:00,431.61728734252296
12-10-2012 9:00,293.78722475767574
01-04-2011 7:00,181.80591543005482
17-05-2011 14:00,267.2329249010323
03-01-2012 20:00,0.0
15-06-2011 09:00,275.6985787503532
19-02-2012 00:00,0.0
10-06-2012 9:00,363.70278786403003
17-05-2012 21:00,311.2322991293318
14-03-2012 09:00,232.71086984219653
12-05-2012 17:00,563.3034843460456
13-08-2011 08:00,285.20479001357745
10-04-2011 1:00,59.71279170420604
05-05-2011 1:00,19.57150259928693
15-09-2011 04:00,130.60706263388613
12-05-2012 1:00,104.11240782428027
07-12-2012 12:00,255.78171987851934
10-11-2012 14:00,427.5142850139573
14-01-2012 14:00,158.24405553448742
07-07-2011 13:00,334.86237857528045
18-01-2012 06:00,85.37559679412436
19-08-2011 18:00,367.11527792863035
14-04-2012 20:00,315.56514192576526
08-10-2011 2:00,34.860061036284975
01-07-2011 22:00,240.58651088677155
11-12-2012 3:00,35.14619191131692
08-02-2012 16:00,70.67985091542371
12-10-2012 4:00,121.93810221676637
13-10-2011 07:00,125.88436261986101
12-12-2011 13:00,250.50041527161312
18-05-2011 17:00,302.15692601881557
19-06-2012 15:00,356.66821165082536
08-01-2012 16:00,357.2934595774448
07-09-2011 0:00,0.0
09-02-2011 7:00,0.0
12-10-2012 18:00,354.80641819000584
09-01-2011 22:00,18.832968704917505
11-11-2011 2:00,20.4362375818705
12-06-2011 8:00,366.6548350060299
09-08-2012 7:00,191.31062811969355
11-06-2012 23:00,369.8256993622042
10-11-2012 6:00,65.07562583680235
10-02-2012 22:00,77.75633438881874
04-11-2012 10:00,233.07193795910754
04-08-2012 13:00,314.7071967364914
07-01-2011 22:00,0.0
08-10-2012 6:00,120.09694536213345
14-12-2011 08:00,155.90626563759508
14-06-2012 14:00,356.4825930964016
15-06-2012 14:00,374.7262425496861
01-08-2011 0:00,0.0
16-07-2011 03:00,73.99595260399883
02-07-2012 23:00,196.1570407147471
13-04-2012 00:00,0.0
12-05-2012 19:00,564.2377148429821
09-05-2011 5:00,146.2043440775513
06-01-2011 19:00,96.47252367760115
03-10-2012 5:00,70.35156319884499
17-07-2012 18:00,403.5631024209308
12-01-2011 15:00,135.60723425132932
01-04-2012 1:00,20.605875198812782
02-06-2011 6:00,185.2971155718968
10-12-2012 3:00,75.63372492871451
16-08-2011 00:00,0.0
19-12-2012 01:00,1.3807017352841058
16-01-2012 18:00,128.1323512436188
01-09-2012 13:00,272.27650198813524
11-04-2012 12:00,209.318065900597
12-07-2011 9:00,378.25080695622677
08-02-2011 14:00,137.00705820729968
19-12-2011 07:00,117.22880933896568
10-03-2011 16:00,75.56193156462328
06-12-2011 2:00,48.58844394112259
12-08-2011 5:00,226.42368624645218
15-09-2011 17:00,163.62468326276257
04-01-2011 16:00,192.3965466195082
07-11-2011 11:00,250.21180208678064
05-07-2011 0:00,0.0
04-03-2011 5:00,17.642462900325313
01-09-2012 11:00,217.00281637649633
05-05-2011 17:00,343.8427667333163
10-06-2012 10:00,449.55847446252073
12-05-2011 6:00,158.74912895491724
03-03-2012 20:00,265.6721192687514
05-10-2012 15:00,336.95412476094697
15-08-2011 19:00,320.2209100966668
11-06-2012 3:00,113.52010827441211
17-06-2012 13:00,353.3892115699539
01-02-2011 15:00,133.0116198313896
01-12-2012 1:00,0.0
06-03-2012 12:00,142.27245175156304
04-08-2011 23:00,161.23043264856295
11-03-2012 17:00,500.5335013795053
10-10-2012 9:00,279.1084037452266
10-07-2011 19:00,480.0695492496456
06-03-2012 18:00,214.72474672501176
14-04-2012 05:00,115.65090896673743
02-11-2012 17:00,276.3710707912357
07-04-2012 19:00,441.1377768818639
06-04-2012 23:00,212.30026507640244
10-07-2012 8:00,270.31560829724964
10-03-2011 10:00,0.0
05-08-2012 19:00,162.72344752706564
19-09-2012 20:00,320.317777801306
03-10-2012 4:00,54.376696547330965
03-11-2011 10:00,236.72547629143196
10-02-2011 11:00,42.19216829183662
01-06-2012 22:00,79.20390252715487
15-02-2011 01:00,0.0
19-04-2012 15:00,343.9377150631834
18-05-2012 07:00,184.60631116229155
18-06-2012 06:00,108.60600809459089
14-06-2011 18:00,356.6796845629475
08-09-2012 18:00,255.6578177710999
03-06-2012 0:00,0.0
02-06-2012 23:00,190.14032039067206
15-09-2012 22:00,322.4312860401166
19-01-2012 09:00,105.58121092659289
14-01-2011 16:00,161.05459196534923
19-10-2012 21:00,230.18334702235188
18-05-2012 10:00,299.1189203100216
10-09-2011 2:00,13.743396537047374
19-11-2012 15:00,314.9488147111386
18-01-2012 01:00,0.0
13-12-2012 10:00,245.05513491222968
12-02-2012 16:00,186.77375049394067
04-09-2012 0:00,0.0
09-04-2011 21:00,67.41377686307442
04-03-2011 13:00,215.62774877875592
06-08-2012 10:00,247.0759511848296
10-09-2012 11:00,359.1731882254223
08-07-2012 21:00,327.0046499831256
18-06-2011 23:00,300.8979586529015
18-02-2012 10:00,117.3118336556114
09-11-2011 11:00,284.9686798834379
14-02-2011 08:00,138.24878449572617
15-02-2012 10:00,201.36398156683822
06-06-2012 15:00,341.18430520303616
12-09-2012 23:00,280.041208039985
13-05-2012 15:00,384.2028374991976
19-07-2011 18:00,351.4083439707613
14-06-2012 18:00,386.9748711029117
18-09-2011 19:00,290.01781710844233
15-07-2011 08:00,238.34344781299774
17-06-2011 04:00,109.51210615813704
01-01-2011 2:00,0.0
15-03-2012 21:00,243.88184448345808
19-09-2011 01:00,2.422229832818857
07-10-2012 0:00,0.0
02-05-2011 11:00,227.04775310712648
01-05-2012 21:00,197.22872166830135
10-11-2012 12:00,359.72893445711406
03-04-2011 13:00,284.6267191669025
10-02-2011 14:00,75.94409299019776
19-03-2012 05:00,133.75134940815795
15-01-2011 04:00,54.73039361369081
17-04-2012 17:00,348.25023478554135
07-01-2011 7:00,82.99573363246685
07-11-2012 23:00,95.47448336509484
18-06-2011 10:00,318.7304774583978
10-06-2012 20:00,506.52327433154335
09-09-2012 15:00,488.693681407594
11-10-2011 17:00,314.1882868503422
15-04-2012 12:00,336.77945045571806
11-12-2011 15:00,331.2775274167159
19-09-2011 12:00,292.9146560298186
06-02-2012 5:00,35.29754306888063
15-04-2012 02:00,100.5847910850926
18-06-2012 11:00,227.1371519512118
02-07-2012 6:00,115.97991653917632
09-04-2011 7:00,101.57006223743724
03-09-2012 23:00,82.98107566292168
14-09-2011 02:00,46.43413578042578
01-12-2011 19:00,272.91056135492335
12-05-2011 0:00,0.0
07-11-2012 2:00,81.04356619968775
10-10-2012 23:00,243.20908297133616
15-10-2011 07:00,159.24453729846837
10-07-2011 0:00,36.02145749845832
12-04-2011 8:00,150.91182839605628
04-05-2011 3:00,3.136039000070639
18-10-2011 05:00,141.59912051361772
04-11-2012 22:00,92.65451578844096
18-08-2011 10:00,283.9769496309257
03-08-2011 13:00,252.4006704037371
12-05-2011 21:00,318.34574898339423
02-09-2011 6:00,104.32154847594805
13-08-2012 21:00,321.7995516712177
15-07-2012 10:00,277.18053990804094
03-04-2011 17:00,332.2256967888776
14-05-2012 14:00,274.3350449046538
19-12-2012 11:00,274.60354737675965
09-04-2011 12:00,198.73261033080064
07-10-2012 21:00,65.15265346228304
02-07-2011 13:00,297.2890397560377
16-12-2012 03:00,27.47057754755508
08-02-2012 5:00,54.82390541596098
13-01-2011 10:00,110.93557706435035
18-04-2012 05:00,113.55697325318062
05-02-2012 12:00,200.00677852600754
11-02-2011 23:00,0.0
06-12-2011 11:00,146.71298613649202
08-10-2012 3:00,46.11369354783176
02-03-2012 22:00,65.0385116553168
15-03-2011 04:00,76.70715222413634
13-04-2012 01:00,15.310969174530612
09-09-2011 8:00,145.3627169404567
03-12-2011 1:00,0.0
09-04-2012 17:00,377.2312399776387
08-12-2012 22:00,0.7705826400513729
13-12-2012 13:00,303.7326930761112
16-12-2012 19:00,80.92276521535422
16-02-2011 14:00,251.48742812914287
10-11-2011 10:00,228.944036028763
16-01-2012 19:00,103.0379702557567
09-09-2012 5:00,140.9319609030132
19-01-2012 20:00,108.1713597062438
12-10-2011 19:00,172.49201305046455
19-08-2011 15:00,390.5211089539828
18-01-2011 13:00,148.4922289823704
06-07-2011 23:00,177.11165109009292
18-05-2011 09:00,149.99499260862436
01-06-2012 21:00,126.02563437525379
19-03-2012 01:00,17.727435762863877
12-03-2011 20:00,311.7040069672123
18-07-2011 12:00,306.03814010592134
10-11-2011 1:00,34.91757033599748
12-09-2012 7:00,212.48612290488336
01-05-2012 16:00,276.1699137911252
11-12-2011 17:00,305.78797797371254
11-03-2011 20:00,161.20453459370435
13-10-2011 10:00,167.58728230611115
05-07-2012 19:00,334.31522723177636
05-05-2011 14:00,324.87173849867963
18-06-2012 10:00,180.4800845102375
02-03-2011 18:00,248.02146303807362
13-05-2011 10:00,222.5336767816382
02-11-2011 8:00,210.06074909819574
18-11-2012 04:00,50.43357326296467
17-02-2011 13:00,294.07388431025066
19-01-2012 22:00,45.399082064682716
16-05-2012 13:00,330.45834745567583
15-11-2011 10:00,273.4407348409543
11-05-2012 1:00,0.0
02-01-2012 20:00,12.891297939357969
09-11-2012 9:00,229.8441656097501
19-03-2012 19:00,299.96558968163697
03-12-2011 8:00,103.81197165374084
03-10-2011 12:00,274.9977548437886
11-11-2012 18:00,383.53646354279397
07-11-2011 4:00,120.20424489605682
08-01-2011 14:00,191.6177369842567
14-01-2012 21:00,20.96700478710102
14-11-2011 20:00,385.94784532866674
08-02-2012 19:00,18.76400893239719
18-02-2012 01:00,9.695796665592411
06-08-2011 19:00,240.0732404762329
04-12-2011 11:00,127.9298766652507
11-04-2011 17:00,512.0456359371397
08-11-2012 9:00,253.88295901979427
15-12-2012 17:00,322.88180745015154
15-06-2011 21:00,344.40815337427506
09-03-2012 4:00,16.815620138702116
03-05-2012 9:00,197.4629160977807
14-04-2011 13:00,314.46960704107096
01-10-2012 19:00,235.51765440353145
04-08-2011 15:00,299.86731613880596
14-02-2012 09:00,151.53489368376177
16-11-2012 22:00,197.84521544550086
01-04-2011 21:00,146.98215502677402
03-12-2012 12:00,239.4762584980112
15-05-2012 20:00,218.13630364540762
17-09-2012 23:00,113.6205387519766
18-06-2011 17:00,428.9513170122427
09-09-2012 19:00,462.2656336311603
14-11-2011 06:00,173.48092986643042
16-08-2012 09:00,282.9444471652187
04-08-2011 19:00,232.3779364542583
06-09-2011 20:00,146.47326762561374
12-04-2012 15:00,340.0167375525824
07-01-2012 11:00,221.65766850979244
10-03-2011 12:00,28.24000580284394
15-12-2012 01:00,0.0
07-12-2011 12:00,191.9265873772573
10-04-2011 20:00,268.2293669246517
14-02-2011 06:00,117.04168919137837
08-03-2011 20:00,151.50015466466235
13-09-2011 14:00,375.12272049488803
07-02-2012 21:00,169.95432076620293
14-05-2012 04:00,98.54997399901688
09-05-2011 0:00,0.0
10-01-2011 6:00,0.0
15-05-2012 10:00,243.47346292126218
16-04-2012 14:00,389.54490453688334
15-01-2012 14:00,125.90519873259387
07-12-2012 3:00,106.41488099461907
09-05-2012 18:00,231.4005686414527
05-03-2011 23:00,170.09157457270067
17-09-2011 15:00,286.81315310008057
16-03-2011 21:00,169.24727320804197
15-11-2011 20:00,234.58235087543187
10-06-2011 23:00,366.9184105213969
13-01-2012 16:00,174.22012273637316
11-06-2011 2:00,147.29620874937686
19-10-2012 12:00,309.72410669074014
08-10-2012 12:00,261.1139142220552
06-11-2011 12:00,276.16106438281173
07-12-2011 21:00,43.66047520537626
08-10-2012 0:00,0.0
16-08-2011 19:00,376.1752615468944
17-11-2012 15:00,335.97292049616505
13-02-2012 18:00,189.87965118908437
10-12-2011 23:00,105.96965845753223
16-01-2012 23:00,0.0
10-11-2012 0:00,0.0
08-10-2012 11:00,253.60744584145618
16-08-2011 15:00,383.93027850229186
09-08-2011 19:00,407.8142016729562
10-05-2012 18:00,425.36719936339347
16-02-2012 15:00,156.8085270346172
04-12-2012 22:00,188.2039165708598
12-05-2011 4:00,102.49528493553703
07-07-2012 5:00,126.98613900436615
18-03-2012 11:00,179.32656886080554
01-07-2012 16:00,261.1192731595167
18-06-2012 03:00,59.52124045185269
10-07-2012 23:00,178.237819448063
02-02-2011 19:00,155.7358736460633
07-12-2011 18:00,142.41267389879758
14-03-2011 06:00,115.50601552945957
18-09-2011 15:00,347.71054697173275
17-03-2012 06:00,101.83736564733172
06-10-2012 8:00,84.99810240416386
10-11-2011 10:00,227.60921481816123
08-06-2011 1:00,10.28175358700355
14-07-2011 08:00,252.24031977015173
01-08-2011 10:00,215.568263631074
18-12-2012 00:00,0.0
09-02-2012 14:00,209.54844405724344
03-04-2011 19:00,254.33084095164497
03-06-2011 1:00,28.39331064027067
15-09-2011 22:00,224.5813083957866
01-01-2011 10:00,134.57169646458314
13-03-2011 21:00,89.41544400337631
05-03-2012 13:00,154.41112634140106
14-11-2011 02:00,57.43810330336362
02-09-2011 7:00,127.19488109055749
13-08-2011 18:00,294.72601403980303
14-10-2011 07:00,135.37839886251612
14-02-2012 02:00,0.0
05-05-2011 8:00,211.1904956687569
06-08-2012 5:00,119.71569250988136
06-09-2012 0:00,0.0
17-01-2011 10:00,119.89333781301312
07-04-2012 17:00,441.44097149561486
18-10-2012 18:00,295.43988481375516
05-11-2011 14:00,334.4757806643855
09-03-2012 7:00,101.7854601673684
04-08-2012 12:00,300.89316379123494
15-10-2012 08:00,222.18821538392564
07-09-2011 9:00,165.89340208969523
12-01-2011 13:00,131.66919540782936
13-10-2011 16:00,327.27422581120726
06-10-2012 16:00,293.09346217056833
09-09-2011 3:00,59.197591799484854
15-09-2012 03:00,111.09428404419609
07-04-2012 7:00,198.55635989552616
02-04-2012 4:00,88.82602681693066
01-06-2012 11:00,198.73093049551443
11-12-2012 22:00,194.67265697223888
04-11-2012 3:00,91.63569644100346
19-04-2012 22:00,225.11248554222075
14-08-2011 19:00,295.8298736973408
12-11-2011 3:00,39.28792679746087
15-09-2011 14:00,313.6276310210297
01-07-2012 13:00,242.3005633596374
11-11-2011 22:00,142.51067895148265
12-11-2012 8:00,186.26861196742573
06-12-2012 19:00,213.0999076362673
15-07-2012 18:00,230.33210810387652
05-05-2012 8:00,158.726014915521
04-06-2012 15:00,347.368717993061
13-01-2012 04:00,1.246985675829137
05-12-2012 13:00,322.55697654371227
11-06-2011 1:00,105.80592947527623
12-04-2012 3:00,42.56942716740474
10-09-2012 21:00,339.9053877138173
18-05-2011 07:00,172.2181991047678
02-03-2012 21:00,55.73603706977528
16-01-2012 15:00,164.18781605872124
12-08-2011 13:00,418.37906735811976
14-05-2012 13:00,270.128066890644
16-11-2011 20:00,126.94146689707708
16-01-2012 04:00,26.319304127632847
17-02-2012 05:00,104.59887463656963
08-01-2012 17:00,318.5978229938936
14-08-2011 03:00,30.636528414490215
19-04-2012 09:00,219.2821822260267
17-07-2012 02:00,26.13935800126822
11-11-2011 19:00,192.36130669727245
17-09-2011 17:00,271.1893052709647
05-12-2011 3:00,115.65739718530111
01-02-2012 11:00,209.12542144871014
05-07-2011 9:00,235.09404501500495
06-11-2012 1:00,59.66972145410389
12-09-2012 16:00,463.0425025093273
14-03-2012 07:00,187.02916497287413
12-07-2011 19:00,503.70157075772033
15-05-2011 05:00,57.179948457953174
16-06-2012 17:00,442.3534660765465
03-04-2011 1:00,0.0
11-09-2011 14:00,464.6263542750213
06-05-2012 18:00,375.4052401635883
02-10-2011 14:00,181.33409835398948
01-06-2011 17:00,270.9269927075427
18-08-2012 04:00,118.50706915362639
12-01-2012 22:00,278.1905440707507
02-09-2011 2:00,27.254487745087687
06-04-2012 0:00,0.0
04-05-2011 8:00,129.2919008573387
14-03-2011 07:00,127.46234346168487
19-10-2011 08:00,116.99383313400955
15-04-2011 19:00,103.80320112936192
08-03-2012 13:00,383.7886120562934
07-08-2012 2:00,28.95923579438721
04-04-2011 3:00,69.89918046851972
02-12-2012 21:00,12.613685611769768
08-05-2012 3:00,91.09714475279611
02-06-2012 2:00,43.30686256694645
13-07-2011 08:00,244.36779418567326
11-09-2012 8:00,252.25444114593182
07-09-2012 0:00,0.0
13-11-2011 17:00,449.81443784069995
02-03-2011 3:00,53.08517128318215
03-02-2011 13:00,140.50985399689333
13-03-2012 23:00,227.10725695128636
03-05-2011 16:00,314.0229649340074
13-10-2011 04:00,86.92231580044455
06-09-2011 5:00,72.44827198020232
13-06-2012 09:00,211.90714482583834
07-03-2011 21:00,116.66437750028811
01-08-2011 7:00,111.42318424102444
10-05-2012 21:00,320.4927872772456
17-02-2011 06:00,142.670052563752
15-08-2011 21:00,307.9974634146048
15-02-2011 00:00,0.0
02-01-2012 22:00,0.0
16-12-2012 01:00,0.0
04-05-2012 7:00,150.23340976262773
09-02-2012 4:00,15.063631707534853
10-09-2011 4:00,76.67488632851928
17-09-2011 12:00,293.19445655435237
19-11-2012 11:00,229.53222693291116
16-05-2011 16:00,218.6561935437239
03-05-2012 23:00,104.75147501966902
03-03-2011 22:00,22.19858869173504
17-03-2011 20:00,207.80835271296073
13-08-2011 20:00,235.1083513300741
04-02-2012 14:00,235.87304256161727
11-09-2011 13:00,445.281047402481
02-06-2011 18:00,354.20262767691236
09-12-2011 17:00,265.0542558694212
03-01-2011 22:00,0.0
06-03-2011 10:00,195.11093940035008
12-07-2011 21:00,462.4329652718575
13-08-2011 22:00,191.2101064910858
17-06-2011 00:00,0.0
15-10-2011 20:00,333.0763816659778
10-05-2011 13:00,361.43994154790215
05-02-2012 23:00,8.153704761680103
16-06-2011 11:00,278.45575069458573
19-06-2011 01:00,64.38453646245918
15-04-2012 01:00,60.9547636001941
04-02-2011 15:00,173.97099608352164
10-01-2012 4:00,5.327739938739512
04-12-2012 3:00,108.83768489234592
01-09-2011 19:00,231.91162784979707
09-11-2011 22:00,124.9943999485082
10-10-2012 0:00,0.0
12-10-2012 22:00,283.59022921718673
02-07-2011 21:00,219.32910593973202
08-06-2011 23:00,340.26965852882444
09-03-2011 16:00,198.3202345493284
11-02-2012 1:00,0.0
05-02-2011 17:00,104.09844329714838
03-01-2011 0:00,0.0
11-08-2011 13:00,406.95283418551116
13-12-2011 14:00,326.79580912726215
19-12-2011 19:00,246.88051535039125
01-03-2011 3:00,47.68100037533259
16-08-2012 06:00,178.92910270567444
14-10-2012 02:00,36.302954877152814
04-05-2011 9:00,144.3098513653924
09-09-2012 21:00,397.87371004654136
09-05-2012 16:00,368.5631714979554
06-08-2011 0:00,0.0
08-09-2011 6:00,109.850154553605
17-09-2011 04:00,122.56481258941639
02-02-2011 20:00,108.81280920345523
08-12-2011 13:00,267.9066209782266
12-04-2012 11:00,283.0799512397571
06-01-2012 3:00,14.948384566558218
13-11-2011 18:00,442.1972524875425
12-04-2012 16:00,351.32714066953406
13-05-2011 23:00,67.60687260935583
02-01-2011 4:00,91.07720616520902
11-01-2012 21:00,63.89418829495466
02-10-2012 1:00,38.92088097175218
03-08-2012 19:00,288.0178522800109
15-09-2012 18:00,464.4950172332203
12-05-2011 20:00,424.9440936872908
19-04-2011 11:00,241.5010364056946
11-03-2012 7:00,106.7092573001211
07-11-2012 22:00,144.5810482948049
11-05-2011 21:00,289.0648163688755
17-03-2011 18:00,231.41256750073023
11-02-2011 20:00,76.3179309910301
09-02-2011 16:00,48.08842266603756
07-10-2012 20:00,115.12391869937272
09-01-2011 13:00,184.37125138453058
13-04-2011 15:00,233.37233345240887
13-06-2011 12:00,322.26820494003425
07-06-2012 20:00,396.8401649599585
05-01-2012 21:00,97.00618071498369
05-09-2012 10:00,226.15701458518072
15-05-2012 15:00,310.31163506965333
17-08-2011 01:00,10.497888932875753
03-08-2012 3:00,12.363092764430462
19-05-2012 19:00,410.8295971055558
02-01-2011 2:00,19.98667368355615
16-01-2012 22:00,79.24906349361879
01-09-2012 10:00,200.89079293388824
16-06-2011 18:00,276.6852382655979
10-10-2012 13:00,348.494398019072
13-01-2011 18:00,122.80273315554132
10-02-2011 8:00,0.0
10-05-2011 2:00,45.72559968072193
12-07-2011 7:00,278.11748726015617
15-04-2012 20:00,313.78463483795053
02-07-2011 22:00,199.05573061843953
04-07-2012 11:00,290.51079681698405
09-08-2011 2:00,46.349979113664574
09-10-2012 13:00,306.06359797378184
17-11-2012 20:00,190.7658930660112
06-09-2012 5:00,106.2044109073826
13-06-2011 04:00,115.8235935513799
05-09-2012 1:00,0.0
08-07-2011 13:00,332.03809957280185
04-10-2012 19:00,269.41166095649197
02-10-2011 6:00,51.268185101943914
18-06-2011 06:00,153.95149493718588
19-11-2011 23:00,149.1169208779267
09-04-2012 2:00,10.380122811624062
07-01-2012 4:00,86.03200689557403
01-05-2012 6:00,139.36768012149483
19-03-2011 12:00,283.3983877026752
06-04-2011 4:00,76.10739824478193
07-11-2012 12:00,270.28090256333365
19-06-2012 08:00,199.04734890073655
10-03-2011 5:00,0.0
12-03-2012 21:00,324.82769335826083
16-04-2012 03:00,117.93616804806072
17-12-2012 06:00,136.98719022800609
16-12-2011 18:00,234.0708107558425
16-10-2011 14:00,422.06589843361445
12-09-2012 22:00,304.8086366762094
15-03-2012 17:00,363.02887812255386
07-04-2011 7:00,152.32954602926935
11-11-2011 8:00,170.4888282202279
09-08-2011 10:00,311.5642310539747
09-07-2012 20:00,355.59240500044194
03-06-2011 9:00,259.02312625808264
12-01-2011 18:00,141.9486457834949
14-01-2011 00:00,0.0
14-08-2011 14:00,315.11296943855433
08-05-2012 11:00,310.1564113987821
09-11-2011 11:00,282.25026671934734
03-12-2012 21:00,127.10956931991467
10-08-2012 6:00,123.0254838829905
01-08-2012 1:00,0.0
09-06-2012 13:00,524.7054940186928
14-09-2011 22:00,293.4292705530911
04-07-2012 13:00,330.139123384146
01-11-2012 12:00,292.56566925797307
01-10-2012 17:00,249.50446187135026
14-02-2012 20:00,181.10506270805382
13-01-2012 16:00,170.46481570956075
05-08-2011 16:00,344.9172799989665
16-05-2012 06:00,149.48239329481032
05-04-2012 20:00,256.7136015687089
10-10-2011 1:00,17.323527281582017
07-03-2011 17:00,219.68316036889487
02-09-2012 12:00,250.70200726059812
08-07-2011 4:00,125.90757473029115
15-06-2012 09:00,267.708366383129
12-01-2011 7:00,0.0
14-08-2012 23:00,290.2009523258374
13-12-2012 17:00,281.8718174758254
14-12-2011 09:00,201.88442713789385
11-03-2012 21:00,333.8024778828816
06-12-2011 9:00,167.0755349554062
19-10-2012 23:00,136.47526582485037
18-09-2011 09:00,228.7731627251596
08-04-2012 22:00,339.2962658088257
04-01-2012 21:00,0.0
15-09-2011 11:00,296.8887751171464
15-05-2012 13:00,231.21875007193566
18-12-2012 22:00,218.94075929070203
19-06-2012 23:00,254.56087782498923
05-07-2011 12:00,307.75450649911204
07-08-2012 9:00,229.6550971709308
19-11-2012 22:00,187.69359248917743
16-09-2012 16:00,436.8824025159607
14-12-2011 16:00,285.4769923482223
01-04-2011 22:00,111.54317034186278
02-03-2012 2:00,33.28291482120497
16-04-2011 23:00,52.95148466812705
07-09-2012 21:00,270.24382845876767
09-07-2012 23:00,282.1413383444896
10-12-2011 0:00,0.0
10-01-2011 3:00,0.0
13-10-2011 19:00,264.08944535123675
05-01-2012 14:00,207.81401436706005
02-08-2011 1:00,0.0
16-03-2011 12:00,220.73955306534364
04-06-2011 23:00,278.8112383699697
15-11-2012 08:00,185.12189707676384
18-10-2011 01:00,21.761400455217597
03-10-2012 3:00,48.18165306262637
14-12-2012 06:00,98.90008576090503
14-09-2011 19:00,321.1013534883118
08-07-2012 9:00,348.0323701518913
02-03-2011 19:00,221.60730905911657
19-08-2012 14:00,292.90901867867035
16-03-2011 08:00,167.18823027581328
06-12-2011 7:00,145.51707724420763
05-01-2011 20:00,76.94657674475667
11-11-2011 21:00,127.5989747864285
14-11-2012 12:00,284.44479128528513
03-12-2012 11:00,219.23957305734217
19-03-2012 18:00,315.64451790634337
19-10-2011 15:00,176.11751434051038
15-09-2012 06:00,231.62101701004056
05-04-2011 12:00,210.87128328313221
05-10-2011 22:00,188.58871285471906
14-03-2011 22:00,128.53391330528692
17-05-2012 17:00,375.43243976344957
16-03-2012 20:00,183.40949012051527
07-06-2012 11:00,334.41573308875394
07-09-2011 22:00,101.0849433686866
08-01-2011 22:00,25.942745444151967
17-04-2011 03:00,65.07136799373143
18-05-2012 05:00,146.61721863701806
17-12-2011 03:00,59.716163892339694
01-10-2012 7:00,160.33065987490642
02-12-2012 15:00,144.0013273972633
19-12-2011 09:00,165.02276655272865
07-01-2012 0:00,0.0
16-12-2012 14:00,224.0169990871534
06-10-2012 22:00,122.73269101496552
13-02-2011 13:00,238.81114273404881
08-11-2011 6:00,164.32682621330065
19-06-2011 17:00,400.0386775627056
01-10-2012 7:00,166.58335304903494
07-08-2011 20:00,219.1714008371443
10-11-2011 23:00,182.74701871530874
03-07-2011 18:00,181.4947510821592
19-05-2012 16:00,453.56025925748565
17-11-2012 12:00,335.41379625909127
07-09-2012 22:00,259.89022482942875
16-04-2012 01:00,66.70788693119971
17-12-2012 10:00,214.33308105463666
03-08-2012 13:00,263.3247594575045
04-02-2012 12:00,226.50848507508175
16-01-2012 04:00,21.624024554968855
10-08-2011 3:00,129.89621494073378
05-12-2011 0:00,22.85694624749135
01-02-2012 19:00,240.531252099892
08-02-2011 16:00,142.35907937904867
06-10-2012 0:00,0.0
17-12-2011 23:00,0.0
05-08-2012 14:00,352.08768053891356
17-06-2012 07:00,192.59436958232726
05-07-2011 17:00,342.5109141551491
08-06-2011 8:00,285.96350133087384
10-11-2011 5:00,127.24475881036597
13-06-2012 14:00,343.20250388201305
04-08-2012 15:00,323.23902576726914
05-09-2012 17:00,294.55805910158693
03-06-2011 11:00,311.10890808931055
12-09-2011 0:00,0.0
10-08-2012 17:00,427.7536286260737
03-07-2011 20:00,194.72055070111767
19-04-2012 08:00,183.0455915713831
12-07-2012 7:00,254.66904618490722
05-03-2012 0:00,0.0
14-09-2012 20:00,347.8570363948833
05-01-2012 4:00,3.799891895200119
02-04-2012 17:00,295.8495118597532
11-04-2011 4:00,153.45565175987392
04-09-2012 10:00,198.10147551213134
13-08-2012 14:00,364.7964601070976
15-01-2012 15:00,159.1232441464228
16-10-2011 10:00,330.7543905588517
17-12-2012 13:00,239.96197882054895
02-01-2011 17:00,185.98277812633538
10-10-2012 1:00,32.73866458227144
13-09-2012 07:00,203.84894065493552
03-06-2012 16:00,367.4602044993493
07-12-2012 18:00,246.88678879515925
06-04-2012 19:00,294.71754789972755
12-11-2011 15:00,457.2300725853372
06-10-2011 4:00,136.5214997951108
09-10-2012 23:00,195.41151744025603
12-04-2012 17:00,382.8466313454413
15-04-2011 13:00,268.1583312893788
10-09-2011 3:00,22.386463809966244
17-04-2012 14:00,333.97876460413715
18-07-2012 07:00,199.53478333409248
08-03-2011 16:00,224.82642989467755
03-01-2012 7:00,71.66470102410591
02-10-2012 23:00,36.120438499252145
15-01-2011 07:00,65.94864123372764
10-02-2012 11:00,83.8096442761144
17-03-2011 10:00,236.8794784342686
11-01-2011 17:00,79.74504727399056
03-04-2011 8:00,163.93971927957176
08-09-2011 4:00,82.5390111247118
02-02-2012 17:00,244.36118855211552
11-10-2011 3:00,88.24846557987092
06-08-2011 20:00,255.67016926793903
05-02-2011 0:00,0.0
09-06-2012 10:00,403.02429137799686
18-07-2011 13:00,323.85952747951666
15-04-2011 21:00,44.04397591105243
14-05-2011 13:00,152.56117137231962
11-05-2011 20:00,329.5076421179605
13-11-2011 03:00,112.65814092907391
07-10-2012 14:00,317.0399515724107
14-04-2012 09:00,225.79172302295254
17-01-2012 19:00,191.93887385562346
01-08-2011 11:00,226.63090823335915
11-02-2011 12:00,91.31085552143111
02-08-2012 5:00,36.354903136123255
10-12-2011 2:00,103.48377933707525
05-01-2011 19:00,97.53111565753716
01-06-2011 10:00,178.56392800793503
18-04-2011 15:00,306.1493646465788
15-03-2011 22:00,72.43853111162886
12-06-2012 15:00,275.9741173934127
04-04-2011 0:00,0.0
08-02-2011 3:00,0.0
14-06-2012 15:00,366.7474816062478
14-07-2011 10:00,307.2553921535824
16-02-2011 09:00,153.0852697582244
12-07-2012 18:00,454.9349604006806
08-09-2012 0:00,0.0
09-11-2011 4:00,112.05233488154425
18-09-2011 20:00,265.31852248127086
03-10-2012 20:00,224.87444037451485
11-04-2011 10:00,285.3586695848853
17-03-2012 04:00,85.70342487469316
12-07-2012 3:00,128.6931003544471
10-12-2012 10:00,203.07770707485815
10-11-2011 19:00,232.8217400255412
08-09-2012 3:00,63.75907411176706
08-09-2011 3:00,35.67161026846429
15-06-2011 15:00,372.06238964812235
04-06-2011 13:00,391.24732934772646
06-05-2011 12:00,324.3764912330167
16-10-2011 09:00,304.9736429984536
18-06-2011 11:00,331.6920698977817
15-05-2011 13:00,256.28085371026486
05-01-2012 11:00,154.02815074859313
05-08-2011 3:00,62.618572629331425
05-12-2012 10:00,259.6027445863184
02-03-2012 20:00,117.72021732219255
09-11-2012 17:00,328.9482211748689
15-03-2011 02:00,27.487696930252298
07-06-2012 21:00,382.7935719645682
09-06-2012 22:00,416.2716436601096
01-04-2011 12:00,212.9287385918956
17-06-2012 02:00,103.97988495925318
18-03-2012 11:00,185.86742721638115
03-01-2011 7:00,64.28405004043242
03-06-2012 22:00,264.96528158724675
04-05-2011 11:00,219.16459107705995
03-06-2012 10:00,300.62430761176137
10-07-2011 5:00,184.18135179029645
12-04-2011 2:00,70.41702949706317
01-08-2012 0:00,0.0
03-04-2012 2:00,63.85686200895648
03-05-2011 8:00,176.71529564534129
17-05-2011 13:00,223.68242703805265
19-11-2011 01:00,0.0
14-02-2011 11:00,237.22778814832202
05-06-2011 16:00,366.58817422685104
01-11-2011 6:00,168.65181974468348
09-06-2011 2:00,65.55390075052165
04-01-2012 18:00,22.323970855485015
09-05-2011 5:00,141.61995182909118
06-11-2012 4:00,140.89763073939747
04-12-2012 7:00,164.82788847578627
12-01-2012 21:00,266.46480301113377
18-04-2012 14:00,208.0660333604337
12-12-2012 22:00,178.29010406175578
01-08-2012 14:00,258.96019728410926
08-06-2012 20:00,386.98624939582305
05-09-2011 5:00,195.45086998368504
12-03-2012 15:00,355.7360887113362
11-11-2011 3:00,32.60109967452834
16-02-2012 00:00,0.0
11-12-2012 0:00,0.0
06-05-2011 11:00,274.01732072690874
18-08-2012 09:00,265.2723027162828
13-09-2012 09:00,284.27342955500404
16-09-2012 05:00,154.85255765053023
03-01-2012 18:00,62.28782140230419
03-04-2011 10:00,212.87577962667294
19-10-2011 17:00,185.57706690456016
07-08-2011 11:00,337.86218872293364
09-12-2011 2:00,64.95202360571562
15-09-2011 02:00,65.95615934772889
15-09-2012 23:00,249.71969716441055
07-03-2011 15:00,228.12531367136967
16-11-2011 15:00,204.43742810835218
02-02-2012 11:00,166.84308288713888
09-10-2011 9:00,198.12204346976034
07-11-2012 5:00,157.06984711490676
16-12-2011 05:00,182.78985700104215
14-01-2011 23:00,0.0
19-02-2011 09:00,176.0603134131864
17-03-2012 05:00,96.96413353438794
